kind,campaign,arm,suffix,eval,set,t,k,cell,ema,n,cold,g50,width,g50_in_range,p_cold_r0,yield,fe_med,fe_p90,fe_step1,viol_fail,valid_wrong,givens_kept,rho,b1,r_med,k50,k90,rescue_1,rescue_any,auc,spurious,t1r,t1r_over_verified,ckpt
d3demo,,b2d64,,,strat512,64,128,rg,,512,0.2578125,28.456383157835685,12.341222989610225,True,0.868421052631579,0.15137614678899083,9.0,20.0,0.0,29.326315789473686,0.0,0.9998851102941176,0.6875,,,5,85,,0.5789473684210527,,,,,runs/_d3demo_b2d64.pkl
d3demo,,s5d16,,,strat512,64,127,rg,,512,0.140625,30.1960855921901,10.97739473495296,True,0.6447368421052632,0.052752293577981654,15.0,26.9,0.0,3.631818181818182,0.0,0.9955806460642569,0.70703125,,,18,98,,0.6590909090909091,,,,,runs/_d3demo_s5d16.pkl
full,finalA,A0,,full_final_t16,full,16,1,trm,True,422786,0.8821578765616648,14.758222420641747,22.145539591114016,False,0.9985603743026813,0.8624837208530688,1.0,6.0,0.2698422912544307,32.81708883625708,0.00019395154995671568,0.9999915617177039,0.8821578765616648,,,0,0,,0.0,,,,,runs/pretrainfinalA_A0/ckpt_latest.pkl
full,finalA,A0,,full_vsel_t16,full,16,1,trm,True,422786,0.877924056141878,15.406623058050076,21.13232963620936,False,0.9974642956467682,0.8577195645621981,1.0,6.0,0.23441835904454514,33.781484925986206,0.00040682520234823293,0.9999823774525883,0.877924056141878,,,0,0,,0.0,,,,,runs/pretrainfinalA_A0/ckpt_040000.pkl
full,finalA,A0,,full_vsel_t16_alt,full,16,1,trm,False,422786,0.7954638989938172,19.348788845375097,18.072851073871732,True,0.9881230879971208,0.7629009647209112,1.0,8.0,0.13206930077810253,33.532824515756,0.00046832203526133787,0.9999771941742542,0.7954638989938172,,,0,0,,0.0,,,,,runs/pretrainfinalA_A0/ckpt_040000.pkl
full,finalA,A0,,full_vsel_t64,full,64,1,trm,True,422786,0.9427275264554644,4.008359459326339,32.868923159175154,False,0.9981677491125035,0.9333571126392541,1.0,11.0,0.21830434651706593,31.92306103906831,0.00043047783039173483,0.9999821766352426,0.9427275264554644,,,0,0,,0.0,,,,,runs/pretrainfinalA_A0/ckpt_040000.pkl
full,finalA,A1,,full_final_t16,full,16,1,trm,True,422786,0.8744991556011789,15.893793821715127,20.35795523197079,False,0.9991002339391758,0.8534392894964594,1.0,7.0,0.29730935882247933,34.24229174519412,0.00026017890847852105,0.9999889555139782,0.8744991556011789,,,0,0,,0.0,,,,,runs/pretrainfinalA_A1/ckpt_latest.pkl
full,finalA,A1,,full_vsel_t16,full,16,1,trm,True,422786,0.864605261290582,16.61207640226857,19.61303731724368,False,0.9988548431953147,0.8419146212316021,1.0,6.0,0.27022738712713107,33.35517006446203,0.00022943049202196855,0.9999899694849524,0.864605261290582,,,0,0,,0.0,,,,,runs/pretrainfinalA_A1/ckpt_042000.pkl
full,finalA,A1,,full_vsel_t16_alt,full,16,1,trm,False,422786,0.7915091795849437,19.664807436978105,17.343459393867168,True,0.9896935887578321,0.7580123818292922,1.0,7.0,0.18744382030860382,31.330845065629006,0.00014428103106536166,0.9999883585563771,0.7915091795849437,,,0,0,,0.0,,,,,runs/pretrainfinalA_A1/ckpt_042000.pkl
full,finalA,A1,,full_vsel_t64,full,64,1,trm,True,422786,0.939427984843396,6.824659097978877,29.021317744890677,False,0.9993292653001129,0.9293035704904343,1.0,12.0,0.24870461103082245,32.03494865086493,0.00023179575482631874,0.9999899694849524,0.939427984843396,,,0,0,,0.0,,,,,runs/pretrainfinalA_A1/ckpt_042000.pkl
full,finalA,A2,,full_final_t16,full,16,1,trm,True,422786,0.8554919037054207,16.94307644638483,19.65377369627691,False,0.9993129059171888,0.8311835181759614,1.0,6.0,0.15442229533578478,31.328728558334426,2.365262804350191e-06,0.9999999053894877,0.8554919037054207,,,0,0,,0.0,,,,,runs/pretrainfinalA_A2/ckpt_latest.pkl
full,finalA,A2,,full_vsel_t16,full,16,1,trm,True,422786,0.8564711225064217,16.940224530047914,19.56832431240054,False,0.9988875619611628,0.8324001338277217,1.0,6.0,0.14358582064821157,31.651313404304407,9.461051217400765e-06,0.999999398158146,0.8564711225064217,,,0,0,,0.0,,,,,runs/pretrainfinalA_A2/ckpt_048000.pkl
full,finalA,A2,,full_vsel_t16_alt,full,16,1,trm,False,422786,0.7685424777547033,20.06527629690588,17.914511070759016,True,0.9886956663994634,0.731332553593302,2.0,7.0,0.09361079370123006,30.42784879977927,0.00015137681947841223,0.9999423183953358,0.7685424777547033,,,0,0,,0.0,,,,,runs/pretrainfinalA_A2/ckpt_048000.pkl
full,finalA,A2,,full_vsel_t64,full,64,1,trm,True,422786,0.92128641913403,10.235561459869066,26.224252317131043,False,0.999574656043974,0.9080542721182108,1.0,11.0,0.13348412223657086,30.896631509360258,7.095788413050574e-06,0.999999635843869,0.92128641913403,,,0,0,,0.0,,,,,runs/pretrainfinalA_A2/ckpt_048000.pkl
full,finalA,A3,,full_final_t16,sub50000,16,1,dec,True,50000,0.86236,17.53012419529126,17.55782730618315,True,0.9991711562370493,0.8391992703631814,1.0,5.0,0.3944756250289902,28.404969485614647,2e-05,0.9999992,0.86236,,,0,0,,0.0,,,,,runs/pretrainfinalA_A3/ckpt_latest.pkl
full,finalA,A3,,full_vsel_t16,full,16,1,dec,True,422786,0.9004484538277048,15.487465877143181,18.651062263174673,False,0.9988221244294665,0.8838215003636022,1.0,5.0,0.37900482535980057,31.125994915536126,4.2574730478303445e-05,0.9999982133378184,0.9004484538277048,,,0,0,,0.0,,,,,runs/pretrainfinalA_A3/ckpt_042000.pkl
full,finalA,A3,,full_vsel_t16_alt,sub50000,16,1,dec,False,50000,0.81548,19.045724362394093,17.33394185914112,True,0.9912971404890178,0.7857159561282477,1.0,6.0,0.2282827291901702,20.163667895079126,0.00024,0.9999891651255821,0.81548,,,0,0,,0.0,,,,,runs/pretrainfinalA_A3/ckpt_042000.pkl
full,finalA,A3,,full_vsel_t64,sub100000,64,1,dec,True,100000,0.94655,11.436223051341317,20.464614944360964,False,0.9988887345464648,0.9377467816172519,1.0,8.0,0.3592520204954836,30.880823199251637,5e-05,0.9999978425339366,0.94655,,,0,0,,0.0,,,,,runs/pretrainfinalA_A3/ckpt_042000.pkl
full,finalA,A3,,sub20k_t128,scan20k,128,1,dec,True,20000,0.959,9.097081442657455,21.939131018997386,False,0.9993098688750862,0.9521693369196585,1.0,9.0,0.35495307612095933,30.367073170731707,0.0,1.0,0.959,,,0,0,,0.0,,,,,runs/frontier_ckpts/A3.pkl
full,finalA,A4,,full_final_t16,sub50000,16,1,dec,True,50000,0.87224,17.484738384657845,16.82363033677789,True,0.9979278905926233,0.8509623254835014,1.0,6.0,0.39191048335320555,30.318096430807763,0.0,1.0,0.87224,,,0,0,,0.0,,,,,runs/pretrainfinalA_A4/ckpt_latest.pkl
full,finalA,A4,,full_vsel_t16,full,16,1,dec,True,422786,0.9321618975084321,11.325969852710044,22.70294454771595,False,0.9995419372781259,0.920773435750251,1.0,6.0,0.2239783813958209,34.50029636344618,2.6017890847852106e-05,0.9999989027793817,0.9321618975084321,,,0,0,,0.0,,,,,runs/pretrainfinalA_A4/ckpt_010000.pkl
full,finalA,A4,,full_vsel_t16_alt,sub50000,16,1,dec,False,50000,0.93536,10.827977911862835,23.09153889446976,False,0.9993092968642078,0.9245340380253034,1.0,6.0,0.16492045843311667,32.26361386138614,8e-05,0.9999965942028985,0.93536,,,0,0,,0.0,,,,,runs/pretrainfinalA_A4/ckpt_010000.pkl
full,finalA,A4,,full_vsel_t64,sub100000,64,1,dec,True,100000,0.97629,-5.243253230283578,35.70475238631665,False,0.9997221836366162,0.972348776897736,1.0,8.0,0.21460836431797928,32.758751581611136,2e-05,0.9999991287878788,0.97629,,,0,0,,0.0,,,,,runs/pretrainfinalA_A4/ckpt_010000.pkl
full,finalA,A5,,full_final_t16,sub50000,16,1,dec,True,50000,0.84488,18.048005365122314,17.720048228306002,True,0.9976516093383064,0.8190173288744417,1.0,4.0,0.3531152352996875,22.031975244971633,0.00026,0.999989731818584,0.84488,,,0,0,,0.0,,,,,runs/pretrainfinalA_A5/ckpt_latest.pkl
full,finalA,A5,,full_vsel_t16,full,16,1,dec,True,422786,0.9507694199902551,8.775740185539071,23.876124291974683,False,0.9994928591293536,0.9425342657033283,1.0,5.0,0.3944901634939747,33.37100028826751,0.0001915862871523655,0.9999922931574088,0.9507694199902551,,,0,0,,0.0,,,,,runs/pretrainfinalA_A5/ckpt_028000.pkl
full,finalA,A5,,full_vsel_t16_alt,sub50000,16,1,dec,False,50000,0.94176,10.60802561484955,22.494221998311385,False,0.9991711562370493,0.9320408783704778,1.0,5.0,0.3396831464492015,31.71497252747253,6e-05,0.9999968778280542,0.94176,,,0,0,,0.0,,,,,runs/pretrainfinalA_A5/ckpt_028000.pkl
full,finalA,A5,,full_vsel_t64,sub100000,64,1,dec,True,100000,0.98111,-19.824260741849436,49.901004783629816,False,0.9996527295457702,0.9779911684306442,1.0,6.0,0.38174108917450644,31.01799894123875,0.00016,0.9999938764346763,0.98111,,,0,0,,0.0,,,,,runs/pretrainfinalA_A5/ckpt_028000.pkl
full,finalA,A5,,sub20k_t128,scan20k,128,1,dec,True,20000,0.9858,-45.51207168658411,73.17227981765562,False,0.9996549344375432,0.9834522278096129,1.0,6.0,0.37933657942787585,30.39788732394366,5e-05,0.999998076923077,0.9858,,,0,0,,0.0,,,,,runs/frontier_ckpts/A5.pkl
full,finalA,A7,,full_final_t16,sub50000,16,1,dec,True,50000,0.80652,20.088313527058478,14.751656075406494,True,0.9970990468296727,0.7742569163490096,1.0,6.0,0.36078460546545654,30.738060781476122,4e-05,0.9999984307692308,0.80652,,,0,0,,0.0,,,,,runs/pretrainfinalA_A7/ckpt_latest.pkl
full,finalA,A7,,full_vsel_t16,full,16,1,dec,True,422786,0.9512401072883208,9.240122994579334,23.090681331139002,False,0.9997218904902907,0.943045797284182,1.0,5.0,0.3099651640719992,33.031627455736114,2.1287365239151723e-05,0.9999990136040205,0.9512401072883208,,,0,0,,0.0,,,,,runs/pretrainfinalA_A7/ckpt_022000.pkl
full,finalA,A7,,full_vsel_t16_alt,sub50000,16,1,dec,False,50000,0.9294,12.54797839609455,20.963129472989024,False,0.9973753280839895,0.9178924721124389,1.0,6.0,0.2004949429739617,33.43682719546742,0.00052,0.9999751079109013,0.9294,,,0,0,,0.0,,,,,runs/pretrainfinalA_A7/ckpt_022000.pkl
full,finalA,A7,,full_vsel_t64,sub100000,64,1,dec,True,100000,0.98038,-7.963713192423775,37.001563243084206,False,0.9999305459091541,0.9770916567369922,1.0,6.0,0.2998021175462576,31.219164118246688,0.0,1.0,0.98038,,,0,0,,0.0,,,,,runs/pretrainfinalA_A7/ckpt_022000.pkl
full,finalA,A7,,sub20k_t128,scan20k,128,1,dec,True,20000,0.98655,-14.631860767607044,40.54026513561987,False,1.0,0.9842708455151444,1.0,6.0,0.30018752217322997,30.25278810408922,0.0,1.0,0.98655,,,0,0,,0.0,,,,,runs/frontier_ckpts/A7.pkl
full,finalA,A8,,full_final_t16,sub50000,16,1,dec,True,50000,0.72356,21.892176179251056,14.002641482532168,True,0.9928166873877607,0.6779775964079419,1.0,5.0,0.4178506274531483,22.1753725944147,0.0,1.0,0.72356,,,0,0,,0.0,,,,,runs/pretrainfinalA_A8/ckpt_latest.pkl
full,finalA,A8,,full_vsel_t16,full,16,1,dec,True,422786,0.936719758932415,10.995390906834672,22.605461785537706,False,0.9997382498732148,0.9260684788709806,1.0,4.0,0.3696999232385262,31.976751140016447,1.4191576826101148e-05,0.9999993861379531,0.936719758932415,,,0,0,,0.0,,,,,runs/pretrainfinalA_A8/ckpt_012000.pkl
full,finalA,A8,,full_vsel_t16_alt,sub50000,16,1,dec,False,50000,0.88766,17.020877484565453,16.570665020526057,True,0.9988948749827324,0.8688290732209256,1.0,5.0,0.14489455659697187,29.630941783870394,0.0,0.9999992,0.88766,,,0,0,,0.0,,,,,runs/pretrainfinalA_A8/ckpt_012000.pkl
full,finalA,A8,,full_vsel_t64,sub100000,64,1,dec,True,100000,0.96998,-0.18010623894863187,31.76113698583849,False,0.9996527295457702,0.9649891357678559,1.0,6.0,0.357069217922019,30.31479013990673,1e-05,0.9999995652173913,0.96998,,,0,0,,0.0,,,,,runs/pretrainfinalA_A8/ckpt_012000.pkl
full,,frontiercgar,,full_vsel_t16,full,16,1,trm,True,422786,0.8610408102444262,16.667210475957795,19.8190483713361,False,0.9983967804734405,0.837825133620344,1.0,5.0,0.23074091573360878,31.9940085106383,0.0002459873316524199,0.9999831183068193,0.8610408102444262,,,0,0,,0.0,,,,,runs/frontier_ckpts/cgar.pkl
full,,frontiercgar,,full_vsel_t64,full,64,1,trm,True,422786,0.9170549639770474,10.741381552388487,25.921202655021396,False,0.9986748899831498,0.9032597004360461,1.0,9.0,0.21664715076421523,31.22159803809741,0.00028383153652202295,0.9999827588251209,0.9170549639770474,,,0,0,,0.0,,,,,runs/frontier_ckpts/cgar.pkl
full,,frontiercgar,,initrad_e0.03,strat512,16,1,trm,True,512,0.876953125,13.742381250639365,25.256771743148715,False,1.0,0.8555045871559633,1.0,5.199999999999989,0.22717149220489977,33.44444444444444,0.0,1.0,0.908203125,0.876953125,1.0,0,0,0.25396825396825395,0.25396825396825395,0.9804327076041998,0.0,0.876953125,0.9655913978494624,runs/frontier_ckpts/cgar.pkl
full,,frontiercgar,,initrad_e0.1,strat512,16,1,trm,True,512,0.876953125,13.742381250639365,25.256771743148715,False,1.0,0.8555045871559633,1.0,5.199999999999989,0.22717149220489977,33.44444444444444,0.0,1.0,0.900390625,0.861328125,1.0,0,0,0.19047619047619047,0.19047619047619047,0.979096803040465,0.0,0.861328125,0.9566160520607375,runs/frontier_ckpts/cgar.pkl
full,,frontiercgar,,initrad_e0.3,strat512,16,1,trm,True,512,0.876953125,13.742381250639365,25.256771743148715,False,1.0,0.8555045871559633,1.0,5.199999999999989,0.22717149220489977,33.44444444444444,0.0,1.0,0.904296875,0.859375,1.0,0,0,0.2222222222222222,0.2222222222222222,0.9805239898989899,0.0,0.859375,0.9503239740820735,runs/frontier_ckpts/cgar.pkl
full,,frontiercgar,,initrad_e1,strat512,16,1,trm,True,512,0.876953125,13.742381250639365,25.256771743148715,False,1.0,0.8555045871559633,1.0,5.199999999999989,0.22717149220489977,33.44444444444444,0.0,1.0,0.900390625,0.751953125,1.0,0,0,0.19047619047619047,0.19047619047619047,0.7888434400245423,0.2047244094488189,0.751953125,0.8351409978308026,runs/frontier_ckpts/cgar.pkl
full,,frontiercgar,,initrad_e3,strat512,16,1,trm,True,512,0.876953125,13.742381250639365,25.256771743148715,False,1.0,0.8555045871559633,1.0,5.199999999999989,0.22717149220489977,33.44444444444444,0.0,1.0,0.90625,0.705078125,1.0,0,0,0.23809523809523808,0.23809523809523808,0.7345306451908789,0.2582781456953642,0.705078125,0.7780172413793104,runs/frontier_ckpts/cgar.pkl
full,,frontiercgar,,sub20k_t128,scan20k,128,1,trm,True,20000,0.93175,9.325416339292905,26.21272178099745,False,0.9989648033126294,0.9203601917904338,1.0,11.0,0.2084250067078079,31.16190476190476,0.0003,0.999977821815274,0.93175,,,0,0,,0.0,,,,,runs/frontier_ckpts/cgar.pkl
full,,frontiercgar,,sub20k_t16_fp32,scan20k,16,1,trm,True,20000,0.86125,16.965246840460146,19.079713269074354,False,0.9986197377501725,0.8379721669980119,1.0,5.0,0.22519593613933236,32.02810810810811,0.0002,0.9999799051486072,0.86125,,,0,0,,0.0,,,,,runs/frontier_ckpts/cgar.pkl
full,,frontiercgar,,sub20k_t16_prefix0,scan20k,16,1,trm,True,20000,0.8613,16.812128154321485,19.456076429217752,False,0.9975845410628019,0.838206057771021,1.0,5.0,0.22065482410309997,31.297404470079307,0.0003,0.9999689454536181,0.8613,,,0,0,,0.0,,,,,runs/frontier_ckpts/cgar.pkl
full,,frontiercgar,,sub5k_t256,sub5000,256,1,trm,True,5000,0.941,0.998970100252258,38.08774622255817,False,0.99860529986053,0.9313565257996731,1.0,14.0,0.2051009564293305,29.715254237288136,0.001,0.9999571225071224,0.941,,,0,0,,0.0,,,,,runs/frontier_ckpts/cgar.pkl
full,,frontiereqr,,full_raw_t16,full,16,1,trm,False,422786,0.6969175895133708,22.263635992057864,14.384489305806055,True,0.9660869991983903,0.6514230255572238,2.0,6.0,0.07421848488550448,29.866652619421096,0.0016249355465885816,0.999923681300174,0.6969175895133708,,,0,0,,0.0,,,,,runs/frontier_ckpts/eqr.pkl
full,,frontiereqr,,full_vsel_t16,full,16,1,trm,True,422786,0.8651800201520391,16.471189311282167,19.901952315825735,False,0.9953866540154105,0.8431727124169452,1.0,7.0,0.13922894807346373,32.35771929824561,4.967051889135402e-05,0.999996762220397,0.8651800201520391,,,0,0,,0.0,,,,,runs/frontier_ckpts/eqr.pkl
full,,frontiereqr,,full_vsel_t64,full,64,1,trm,True,422786,0.9315232765512577,9.374175352619458,26.1488047364479,False,0.9975297331784645,0.9203669755211401,2.0,11.0,0.12931303718562343,31.4870298089876,5.676630730440459e-05,0.999997198389712,0.9315232765512577,,,0,0,,0.0,,,,,runs/frontier_ckpts/eqr.pkl
full,,frontiereqr,,initrad_e0.03,strat512,16,1,trm,True,512,0.89453125,11.836023316424301,27.125805877767856,False,1.0,0.8761467889908257,1.0,6.0,0.1572052401746725,32.351851851851855,0.0,1.0,0.92578125,0.892578125,1.0,0,0,0.2962962962962963,0.2962962962962963,0.9913268350905112,0.0,0.892578125,0.9641350210970464,runs/frontier_ckpts/eqr.pkl
full,,frontiereqr,,initrad_e0.1,strat512,16,1,trm,True,512,0.89453125,11.836023316424301,27.125805877767856,False,1.0,0.8761467889908257,1.0,6.0,0.1572052401746725,32.351851851851855,0.0,1.0,0.9140625,0.880859375,1.0,0,0,0.18518518518518517,0.18518518518518517,0.9917851041401621,0.0,0.880859375,0.9636752136752137,runs/frontier_ckpts/eqr.pkl
full,,frontiereqr,,initrad_e0.3,strat512,16,1,trm,True,512,0.89453125,11.836023316424301,27.125805877767856,False,1.0,0.8761467889908257,1.0,6.0,0.1572052401746725,32.351851851851855,0.0,1.0,0.916015625,0.87890625,1.0,0,0,0.2037037037037037,0.2037037037037037,0.9946415770609319,0.0,0.87890625,0.9594882729211087,runs/frontier_ckpts/eqr.pkl
full,,frontiereqr,,initrad_e1,strat512,16,1,trm,True,512,0.89453125,11.836023316424301,27.125805877767856,False,1.0,0.8761467889908257,1.0,6.0,0.1572052401746725,32.351851851851855,0.0,1.0,0.92578125,0.876953125,1.0,0,0,0.2962962962962963,0.2962962962962963,0.9903489235337788,0.0,0.876953125,0.9472573839662447,runs/frontier_ckpts/eqr.pkl
full,,frontiereqr,,initrad_e3,strat512,16,1,trm,True,512,0.89453125,11.836023316424301,27.125805877767856,False,1.0,0.8761467889908257,1.0,6.0,0.1572052401746725,32.351851851851855,0.0,1.0,0.92578125,0.884765625,1.0,0,0,0.2962962962962963,0.2962962962962963,0.988962472406181,0.0,0.884765625,0.9556962025316456,runs/frontier_ckpts/eqr.pkl
full,,frontiereqr,,sub20k_t128,scan20k,128,1,trm,True,20000,0.95015,3.0178740936834174,32.7168205332354,False,0.9989648033126294,0.9418781429072624,2.0,13.0,0.12650634110403622,30.78134403209629,0.0001,0.9999962962962964,0.95015,,,0,0,,0.0,,,,,runs/frontier_ckpts/eqr.pkl
full,,frontiereqr,,sub20k_t16_fp32,scan20k,16,1,trm,True,20000,0.86995,16.2324693817419,20.033415139551323,False,0.9968944099378882,0.8484387790901649,1.0,7.0,0.13793896200931088,32.50173010380623,0.0001,0.9999943732193733,0.86995,,,0,0,,0.0,,,,,runs/frontier_ckpts/eqr.pkl
full,,frontiereqr,,sub20k_t16_noise001,scan20k,16,1,trm,True,20000,0.86655,16.402736504788486,19.957040415787933,False,0.9968944099378882,0.8444626359490118,1.0,6.0,0.13848018002423404,32.553765455226674,5e-05,0.9999981481481481,0.86655,,,0,0,,0.0,,,,,runs/frontier_ckpts/eqr.pkl
full,,frontiereqr,,sub20k_t16_noise05,scan20k,16,1,trm,True,20000,0.76965,20.55295626749672,15.989956616211568,True,0.9882677708764666,0.7326043737574552,2.0,9.0,0.11095952705775353,20.435641415237683,0.0,1.0,0.76965,,,0,0,,0.0,,,,,runs/frontier_ckpts/eqr.pkl
full,,frontiereqr,,sub20k_t16_prefix0,scan20k,16,1,trm,True,20000,0.8707,16.315384880391676,19.762436025625718,False,0.994824016563147,0.8496667056484621,1.0,7.0,0.14258642471574595,31.5738592420727,0.00015,0.999994225071225,0.8707,,,0,0,,0.0,,,,,runs/frontier_ckpts/eqr.pkl
full,,frontiereqr,,sub20k_t64_noise05,scan20k,64,1,trm,True,20000,0.90655,14.246648130038608,20.540682283244927,False,0.9979296066252588,0.891065372471056,2.0,23.0,0.09420329821852076,20.746923488496524,0.0,1.0,0.90655,,,0,0,,0.0,,,,,runs/frontier_ckpts/eqr.pkl
full,,frontiereqr,,sub5k_t256,sub5000,256,1,trm,True,5000,0.9588,7.071948747522992,24.860096508594907,False,0.99302649930265,0.9530702778426337,2.0,16.0,0.12932832707551106,29.75242718446602,0.0,1.0,0.9588,,,0,0,,0.0,,,,,runs/frontier_ckpts/eqr.pkl
full,,frontiereqr,,train1k_t16,1000,16,1,trm,True,1000,0.934,,,False,0.9407407407407408,0.9329479768786128,1.0,6.0,0.14668094218415417,34.303030303030305,0.0,1.001022344968132,0.934,,,0,0,,0.0,,,,,runs/frontier_ckpts/eqr.pkl
full,,frontiertrmpub,,full_vsel_t16,full,16,1,trm,True,422786,0.7931979772272497,19.695558428070136,17.095475796130433,True,0.9979387177515664,0.7585930392994505,1.0,4.0,0.37477225490751537,22.276680429586083,0.0003571546834568789,0.9999841535304086,0.7931979772272497,,,0,0,,0.0,,,,,runs/frontier_ckpts/trmpub.pkl
full,,frontiertrmpub,,full_vsel_t64,full,64,1,trm,True,422786,0.8344860047399867,18.00920936664467,18.731991094613566,True,0.9984622180051368,0.8067710191091608,1.0,6.0,0.35622856494997307,22.263758091944496,0.0003808073115003808,0.9999831511290254,0.8344860047399867,,,0,0,,0.0,,,,,runs/frontier_ckpts/trmpub.pkl
full,,frontiertrmpub,,initrad_e0.03,strat512,16,1,trm,True,512,0.8125,16.56309565763795,25.512101998217773,False,1.0,0.7798165137614679,1.0,3.0,0.41586538461538464,22.802083333333332,0.0,1.0,0.84375,0.8125,1.0,0,0,0.16666666666666666,0.16666666666666666,0.993339342948718,0.0,0.8125,0.9629629629629629,runs/frontier_ckpts/trmpub.pkl
full,,frontiertrmpub,,initrad_e0.1,strat512,16,1,trm,True,512,0.8125,16.56309565763795,25.512101998217773,False,1.0,0.7798165137614679,1.0,3.0,0.41586538461538464,22.802083333333332,0.0,1.0,0.84765625,0.828125,1.0,0,0,0.1875,0.1875,0.9865458833619211,0.0,0.828125,0.9769585253456221,runs/frontier_ckpts/trmpub.pkl
full,,frontiertrmpub,,initrad_e0.3,strat512,16,1,trm,True,512,0.8125,16.56309565763795,25.512101998217773,False,1.0,0.7798165137614679,1.0,3.0,0.41586538461538464,22.802083333333332,0.0,1.0,0.84375,0.80859375,1.0,0,0,0.16666666666666666,0.16666666666666666,0.9905353445726116,0.0,0.80859375,0.9583333333333334,runs/frontier_ckpts/trmpub.pkl
full,,frontiertrmpub,,initrad_e1,strat512,16,1,trm,True,512,0.8125,16.56309565763795,25.512101998217773,False,1.0,0.7798165137614679,1.0,3.0,0.41586538461538464,22.802083333333332,0.0,1.0,0.841796875,0.783203125,1.0,0,0,0.15625,0.15625,0.9635483363662914,0.02702702702702703,0.783203125,0.9303944315545244,runs/frontier_ckpts/trmpub.pkl
full,,frontiertrmpub,,initrad_e3,strat512,16,1,trm,True,512,0.8125,16.56309565763795,25.512101998217773,False,1.0,0.7798165137614679,1.0,3.0,0.41586538461538464,22.802083333333332,0.0,1.0,0.845703125,0.767578125,1.0,0,0,0.17708333333333334,0.17708333333333334,0.9116684841875682,0.09243697478991597,0.767578125,0.9076212471131639,runs/frontier_ckpts/trmpub.pkl
full,,frontiertrmpub,,sub20k_t128,scan20k,128,1,trm,True,20000,0.84965,17.41744185642388,18.99227195360804,True,0.9996549344375432,0.8242310840837329,1.0,9.0,0.3470840934502442,22.47356168939142,0.0003,0.9999834378511987,0.84965,,,0,0,,0.0,,,,,runs/frontier_ckpts/trmpub.pkl
full,,frontiertrmpub,,sub20k_t16_fp32,scan20k,16,1,trm,True,20000,0.79025,19.86954772730632,16.771106057742657,True,0.9993098688750862,0.7548239971933107,1.0,4.0,0.373236317621006,22.702979737783075,0.0003,0.9999877856772856,0.79025,,,0,0,,0.0,,,,,runs/frontier_ckpts/trmpub.pkl
full,,frontiertrmpub,,sub20k_t16_prefix0,scan20k,16,1,trm,True,20000,0.79605,19.738061140987632,16.740326238929264,True,0.9993098688750862,0.7616068296105719,1.0,4.0,0.3776144714527982,22.60333415052709,0.0003,0.9999880171587673,0.79605,,,0,0,,0.0,,,,,runs/frontier_ckpts/trmpub.pkl
full,,frontiertrmpub,,sub5k_t256,sub5000,256,1,trm,True,5000,0.8626,16.830191621479468,19.290059215506737,False,0.99581589958159,0.8402988559420966,1.0,10.0,0.34871319267331324,21.33042212518195,0.0002,0.9999928571428572,0.8626,,,0,0,,0.0,,,,,runs/frontier_ckpts/trmpub.pkl
full,,frontiertrmpub60k,,full_vsel_t16,full,16,1,trm,True,422786,0.7546749419327982,20.89321978260576,15.859037872021783,True,0.9947322786984475,0.7141008519074598,1.0,4.0,0.4024026376987833,17.512765136907056,0.000716674629718108,0.9999693092902393,0.7546749419327982,,,0,0,,0.0,,,,,runs/frontier_ckpts/trmpub60k.pkl
full,,frontiertrmpub60k,,sub20k_t64,scan20k,64,1,trm,True,20000,0.79445,19.743645916968802,16.853627004836202,True,0.9968944099378882,0.7601450122792656,1.0,8.0,0.3840392724526402,17.780831914376066,0.0012,0.9999493271811781,0.79445,,,0,0,,0.0,,,,,runs/frontier_ckpts/trmpub60k.pkl
full,sport2,S0,,full_t6,full,6,0,rg,,422786,0.021559370461651996,31.854738118606477,2.8881194237782175,True,0.1491157753529537,0.0,3.0,5.0,0.0,42.275760205573995,0.0,0.9999907002531381,,,,,,,,,,,,runs/pretrainsport2_S0/ckpt_latest.pkl
full,sport2,S0,,full_t64,full,64,0,rg,,422786,0.0007639798858051118,38.03815105845905,5.0400968370652315,False,0.005284080684476581,0.0,3.0,5.0,0.0,57.50578157140389,1.4191576826101148e-05,0.8789836689435457,,,,,,,,,,,,runs/pretrainsport2_S0/ckpt_latest.pkl
full,sport2,S0,,strat_t256,strat512,256,16,rg,,512,0.0,,,False,0.0,0.0,3.0,5.0,0.0,95.849609375,0.0,0.6300311486252732,,,,,,,,,,,,runs/pretrainsport2_S0/ckpt_latest.pkl
full,sport2,S0,,strat_t6,strat512,6,16,rg,,512,0.013671875,31.245421913417083,1.0182792983436346,True,0.09210526315789473,0.0,3.0,5.0,0.0,41.78019801980198,0.0,1.0,,,,,,,,,,,,runs/pretrainsport2_S0/ckpt_latest.pkl
full,sport2,S0,,strat_t64,strat512,64,16,rg,,512,0.0,,,False,0.0,0.0,3.0,5.0,0.0,59.970703125,0.0,0.8582891365579235,,,,,,,,,,,,runs/pretrainsport2_S0/ckpt_latest.pkl
full,sport2,S1,,full_t6,full,6,0,rg,,422786,0.023141731277762274,31.125264834110865,2.1595748261016983,True,0.1600602025291606,0.0,3.0,4.0,0.0,39.49447460302856,0.0,0.999998776480777,,,,,,,,,,,,runs/pretrainsport2_S1/ckpt_latest.pkl
full,sport2,S1,,full_t64,full,64,0,rg,,422786,0.0017290071099799898,48.54319895743252,15.520283581234969,False,0.008506879120519574,0.0005834225057305362,3.0,21.0,0.0,40.20158510146782,9.461051217400765e-06,0.9776547650655244,,,,,,,,,,,,runs/pretrainsport2_S1/ckpt_latest.pkl
full,sport2,S1,,strat_t256,strat512,256,16,rg,,512,0.001953125,64.04545672238115,27.08961284657155,False,0.013157894736842105,0.0,3.0,58.0,0.0,50.08414872798434,0.0,0.929236111111111,,,,,,,,,,,,runs/pretrainsport2_S1/ckpt_latest.pkl
full,sport2,S1,,strat_t6,strat512,6,16,rg,,512,0.013671875,31.245421913417083,1.0182792983436346,True,0.09210526315789473,0.0,3.0,3.4000000000000004,0.0,38.57425742574257,0.0,1.0,,,,,,,,,,,,runs/pretrainsport2_S1/ckpt_latest.pkl
full,sport2,S1,,strat_t64,strat512,64,16,rg,,512,0.001953125,64.04545672238115,27.08961284657155,False,0.013157894736842105,0.0,3.0,42.699999999999996,0.0,39.234833659491194,0.0,0.9782350378719864,,,,,,,,,,,,runs/pretrainsport2_S1/ckpt_latest.pkl
full,sport2,S2,,full_t6,full,6,0,rg,,422786,0.021904698831087123,31.726477250984132,2.8848046101101543,True,0.1515042452598688,0.0,3.0,4.0,0.0,40.263524575297744,0.0,0.9999769119965112,,,,,,,,,,,,runs/pretrainsport2_S2/ckpt_latest.pkl
full,sport2,S2,,full_t64,full,64,0,rg,,422786,0.01642675017621208,33.01699259392615,3.5148167550448384,True,0.11361591440770855,0.0,3.0,4.0,0.0,129.316257896648,2.365262804350191e-06,0.41941842451595956,,,,,,,,,,,,runs/pretrainsport2_S2/ckpt_latest.pkl
full,sport2,S2,,strat_t256,strat512,256,16,rg,,512,0.0078125,34.05335808102969,0.5803329386797811,True,0.05263157894736842,0.0,3.0,3.4000000000000004,0.0,210.46259842519686,0.0,0.12330644933880827,,,,,,,,,,,,runs/pretrainsport2_S2/ckpt_latest.pkl
full,sport2,S2,,strat_t6,strat512,6,16,rg,,512,0.013671875,31.245421913417083,1.0182792983436346,True,0.09210526315789473,0.0,3.0,3.4000000000000004,0.0,39.92871287128713,0.0,1.0,,,,,,,,,,,,runs/pretrainsport2_S2/ckpt_latest.pkl
full,sport2,S2,,strat_t64,strat512,64,16,rg,,512,0.0078125,34.05335808102969,0.5803329386797811,True,0.05263157894736842,0.0,3.0,3.4000000000000004,0.0,129.74606299212599,0.0,0.40691674161325625,,,,,,,,,,,,runs/pretrainsport2_S2/ckpt_latest.pkl
full,sport2,S3,,full_t6,full,6,0,rg,,422786,0.022997450246696912,31.236993157585513,2.258735094675566,True,0.15906228017079196,0.0,3.0,4.0,0.0,39.84788761036452,0.0,1.0,,,,,,,,,,,,runs/pretrainsport2_S3/ckpt_latest.pkl
full,sport2,S3,,full_t64,full,64,0,rg,,422786,0.011097813078011097,34.10144635244346,4.9380224694260315,True,0.07656191208467616,3.3180426866191636e-05,3.0,4.0,0.0,38.93061368974441,2.365262804350191e-06,0.9971725407616531,,,,,,,,,,,,runs/pretrainsport2_S3/ckpt_latest.pkl
full,sport2,S3,,strat_t256,strat512,256,16,rg,,512,0.00390625,35.44076915801925,4.929678262069059,False,0.02631578947368421,0.0,3.0,13.899999999999995,0.0,40.79803921568627,0.0,0.9770204605613613,,,,,,,,,,,,runs/pretrainsport2_S3/ckpt_latest.pkl
full,sport2,S3,,strat_t6,strat512,6,16,rg,,512,0.013671875,31.245421913417083,1.0182792983436346,True,0.09210526315789473,0.0,3.0,4.0,0.0,39.03168316831683,0.0,1.0,,,,,,,,,,,,runs/pretrainsport2_S3/ckpt_latest.pkl
full,sport2,S3,,strat_t64,strat512,64,16,rg,,512,0.0078125,34.763088270601045,6.378084040529949,True,0.05263157894736842,0.0,3.0,13.899999999999995,0.0,37.960629921259844,0.0,0.9982252032757547,,,,,,,,,,,,runs/pretrainsport2_S3/ckpt_latest.pkl
full,sport2,S4,,full_t6,full,6,0,rg,,422786,0.021812453581717465,31.768653627473235,2.838021707456625,True,0.15086622932582983,0.0,4.0,5.0,0.0,38.0487518255941,0.0,0.9999988572032293,,,,,,,,,,,,runs/pretrainsport2_S4/ckpt_latest.pkl
full,sport2,S4,,full_t64,full,64,0,rg,,422786,0.10861523323856513,29.930573257978892,8.510642653605512,True,0.5467142179396993,0.03456847472342732,24.0,46.0,0.0,34.891634935587014,0.00010407156339140842,0.9999630758730053,,,,,,,,,,,,runs/pretrainsport2_S4/ckpt_latest.pkl
full,sport2,S4,,strat_t256,strat512,256,16,rg,,512,0.109375,30.213055305755965,9.276694335952396,True,0.4605263157894737,0.0481651376146789,27.0,76.2,0.0,34.08771929824562,0.005859375,0.9996088741987179,,,,,,,,,,,,runs/pretrainsport2_S4/ckpt_latest.pkl
full,sport2,S4,,strat_t6,strat512,6,16,rg,,512,0.01171875,33.76035155158212,0.7585152080007436,True,0.07894736842105263,0.0,4.0,5.0,0.0,37.34782608695652,0.0,1.0,,,,,,,,,,,,runs/pretrainsport2_S4/ckpt_latest.pkl
full,sport2,S4,,strat_t64,strat512,64,16,rg,,512,0.09765625,30.490415206784046,9.224585552558823,True,0.4473684210526316,0.03669724770642202,24.5,42.9,0.0,33.95887445887446,0.0,1.0,,,,,,,,,,,,runs/pretrainsport2_S4/ckpt_latest.pkl
full,sport2,S5,,full_t6,full,6,0,rg,,422786,0.02336170071856684,30.890173032166658,1.8866159693930888,True,0.16158162514109967,0.0,3.0,4.0,0.0,32.35397629986268,0.0,0.9999656557563903,,,,,,,,,,,,runs/pretrainsport2_S5/ckpt_latest.pkl
full,sport2,S5,,full_t64,full,64,0,rg,,422786,0.12020502097988107,30.42331876803251,10.284405725780006,True,0.5537651119799761,0.04692541869551152,15.0,30.0,0.0,3.436409339588402,0.00022706522921761836,0.9952882347470999,,,,,,,,,,,,runs/pretrainsport2_S5/ckpt_latest.pkl
full,sport2,S5,,strat_t256,strat512,256,16,rg,,512,0.142578125,30.211355460657266,11.129562280864556,True,0.6447368421052632,0.05504587155963303,15.0,28.599999999999994,0.0,3.642369020501139,0.0,0.9938976162563519,,,,,,,,,,,,runs/pretrainsport2_S5/ckpt_latest.pkl
full,sport2,S5,,strat_t6,strat512,6,16,rg,,512,0.013671875,31.245421913417083,1.0182792983436346,True,0.09210526315789473,0.0,3.0,3.0,0.0,32.203960396039605,0.0,1.0,,,,,,,,,,,,runs/pretrainsport2_S5/ckpt_latest.pkl
full,sport2,S5,,strat_t64,strat512,64,16,rg,,512,0.140625,30.1960855921901,10.97739473495296,True,0.6447368421052632,0.052752293577981654,15.0,26.9,0.0,3.631818181818182,0.0,0.9955806460642569,,,,,,,,,,,,runs/pretrainsport2_S5/ckpt_latest.pkl
full,sport2,S6,,full_t6,full,6,0,rg,,422786,0.021739130434782608,31.793697369725237,2.856660500874283,True,0.15035908845518348,0.0,3.0,5.0,0.0,42.886229282268886,0.0,0.9999985366672409,,,,,,,,,,,,runs/pretrainsport2_S6/ckpt_latest.pkl
full,sport2,S6,,full_t64,full,64,0,rg,,422786,0.0,,,False,0.0,0.0,3.0,5.0,0.0,67.01083053838111,0.0,0.8472170147830497,,,,,,,,,,,,runs/pretrainsport2_S6/ckpt_latest.pkl
full,sport2,S6,,strat_t256,strat512,256,16,rg,,512,0.0,,,False,0.0,0.0,3.0,3.8000000000000007,0.0,87.837890625,0.0,0.7758242076210826,,,,,,,,,,,,runs/pretrainsport2_S6/ckpt_latest.pkl
full,sport2,S6,,strat_t6,strat512,6,16,rg,,512,0.013671875,31.245421913417083,1.0182792983436346,True,0.09210526315789473,0.0,3.0,3.8000000000000007,0.0,42.48910891089109,0.0,1.0,,,,,,,,,,,,runs/pretrainsport2_S6/ckpt_latest.pkl
full,sport2,S6,,strat_t64,strat512,64,16,rg,,512,0.0,,,False,0.0,0.0,3.0,3.8000000000000007,0.0,68.64453125,0.0,0.8359372514900958,,,,,,,,,,,,runs/pretrainsport2_S6/ckpt_latest.pkl
full,sport2,S7,,full_t6,full,6,0,rg,,422786,0.023032929188762163,31.20751559009229,2.2659694510761605,True,0.1593076709146531,0.0,3.0,4.0,0.0,36.604605275900134,0.0,0.9999982330196163,,,,,,,,,,,,runs/pretrainsport2_S7/ckpt_latest.pkl
full,sport2,S7,,full_t64,full,64,0,rg,,422786,0.06194859810873586,32.40382384110442,10.264254581277777,True,0.30770363341894746,0.02041149259385222,19.0,39.0,0.0,32.49846316771517,0.0008704167120008704,0.9982769468762415,,,,,,,,,,,,runs/pretrainsport2_S7/ckpt_latest.pkl
full,sport2,S7,,strat_t256,strat512,256,16,rg,,512,0.048828125,33.93977564111508,11.855848217422142,True,0.23684210526315788,0.016055045871559634,24.0,49.60000000000003,0.0,32.09856262833676,0.009765625,0.9928323613767088,,,,,,,,,,,,runs/pretrainsport2_S7/ckpt_latest.pkl
full,sport2,S7,,strat_t6,strat512,6,16,rg,,512,0.013671875,31.245421913417083,1.0182792983436346,True,0.09210526315789473,0.0,3.0,4.0,0.0,36.116831683168314,0.0,1.0,,,,,,,,,,,,runs/pretrainsport2_S7/ckpt_latest.pkl
full,sport2,S7,,strat_t64,strat512,64,16,rg,,512,0.07421875,34.687294334786046,15.626453530387662,True,0.3684210526315789,0.022935779816513763,22.5,41.2,0.0,31.962025316455698,0.001953125,0.9981668330393054,,,,,,,,,,,,runs/pretrainsport2_S7/ckpt_latest.pkl
full,sport2w2,W1,,full_t6,full,6,1,rg,,422786,0.022415595596826765,31.518706445681886,2.9823313884009433,True,0.15502151258854516,2.765035572182636e-06,2.0,3.0,0.0,31.96775777928862,0.0,0.999879349310221,0.022415595596826765,,,0,0,,0.0,,,,,runs/pretrainsport2w2_W1/ckpt_latest.pkl
full,sport2w2,W1,,full_t64,full,64,1,rg,,422786,0.008193270354269063,46.172656114990716,18.608284709009965,False,0.03456737611857281,0.0037355630580187416,14.0,42.0,0.0,25.12718149775113,0.0,0.9918585650943335,0.008193270354269063,,,0,0,,0.0,,,,,runs/pretrainsport2w2_W1/ckpt_latest.pkl
full,sport2w2,W1,,ret_t8,strat512,8,1,rg,,512,1.0,,,False,1.0,1.0,0.0,0.0,1.0,,0.0,1.0,1.0,,,0,0,,,,,,,runs/pretrainsport2w2_W1/ckpt_latest.pkl
full,sport2w2,W1,,strat_t256,strat512,256,16,rg,,512,0.0,,,False,0.0,0.0,16.0,66.60000000000001,0.0,28.01171875,0.0,0.9932696283322183,0.146484375,,,7,14,,0.146484375,,,,,runs/pretrainsport2w2_W1/ckpt_latest.pkl
full,sport2w2,W1,,strat_t6,strat512,6,4,rg,,512,0.015625,31.395255564118184,3.8489108411210333,True,0.10526315789473684,0.0,2.0,3.5999999999999996,0.0,31.76984126984127,0.0,0.9998851102941176,0.017578125,,,0,4,,0.001984126984126984,,,,,runs/pretrainsport2w2_W1/ckpt_latest.pkl
full,sport2w2,W1,,strat_t64,strat512,64,16,rg,,512,0.005859375,,,False,0.039473684210526314,0.0,14.0,41.800000000000026,0.0,25.037328094302556,0.0,0.9929976849639077,0.142578125,,,7,14,,0.137524557956778,,,,,runs/pretrainsport2w2_W1/ckpt_latest.pkl
full,sport2w2,W1,,val_t64,64,64,1,rg,,64,0.0,,,False,0.0,0.0,16.0,37.400000000000006,0.0,24.3125,0.0,0.9979485285645373,0.0,,,,,,0.0,,,,,runs/pretrainsport2w2_W1/ckpt_latest.pkl
full,sport2w2,W13,,full_t6,full,6,1,rg,,422786,0.02398613009891529,30.615709348611123,2.55923546722627,True,0.16583506470135947,1.1060142288730544e-05,2.0,3.0,0.0,31.435563256552243,0.0,0.999951648441123,0.02398613009891529,,,0,0,,0.0,,,,,runs/pretrainsport2w2_W13/ckpt_latest.pkl
full,sport2w2,W13,,full_t64,full,64,1,rg,,422786,0.00042338204197868423,67.20508331223132,23.47793336019293,False,0.0009652035925204901,0.00033180426866191633,11.0,24.0,0.0,57.227700913614775,7.095788413050574e-06,0.8520408576831102,0.00042338204197868423,,,0,0,,0.0,,,,,runs/pretrainsport2w2_W13/ckpt_latest.pkl
full,sport2w2,W13,,ret_t8,strat512,8,1,rg,,512,0.98046875,-29.40523635841287,61.203472525799505,False,0.9736842105263158,0.981651376146789,0.0,0.0,1.0,3.0,0.0,1.0,0.98046875,,,0,0,,0.0,,,,,runs/pretrainsport2w2_W13/ckpt_latest.pkl
full,sport2w2,W13,,strat_t256,strat512,256,1,rg,,512,0.0,,,False,0.0,0.0,11.0,28.10000000000001,0.0,243.0,0.0,0.0,0.0,,,,,,0.0,,,,,runs/pretrainsport2w2_W13/ckpt_latest.pkl
full,sport2w2,W13,,strat_t6,strat512,6,1,rg,,512,0.013671875,31.245421913417083,1.0182792983436346,True,0.09210526315789473,0.0,2.0,2.0,0.0,31.631683168316833,0.0,1.0,0.013671875,,,0,0,,0.0,,,,,runs/pretrainsport2w2_W13/ckpt_latest.pkl
full,sport2w2,W13,,strat_t64,strat512,64,7,rg,,512,0.0,,,False,0.0,0.0,11.0,28.10000000000001,0.0,58.974609375,0.0,0.8466666422585594,0.00390625,,,7,7,,0.00390625,,,,,runs/pretrainsport2w2_W13/ckpt_latest.pkl
full,sport2w2,W13,,val_t64,64,64,1,rg,,64,0.0,,,False,0.0,0.0,8.5,24.700000000000003,0.0,48.6875,0.0,0.8599005270107013,0.0,,,,,,0.0,,,,,runs/pretrainsport2w2_W13/ckpt_latest.pkl
full,sport2w2,W1s1,,full_t6,full,6,1,rg,,422786,0.0234586764935452,30.727710537770708,1.7872467000969852,True,0.1622523598409868,0.0,2.0,3.0,0.0,30.773787263725936,0.0,0.9999905932534668,0.0234586764935452,,,0,0,,0.0,,,,,runs/pretrainsport2w2_W1s1/ckpt_latest.pkl
full,sport2w2,W1s1,,full_t64,full,64,1,rg,,422786,0.06400401148571618,63.46848549861408,62.44650602768503,False,0.28710717031753563,0.026295488291456868,16.0,36.0,0.0,25.54051540712513,0.0,0.9885580441071047,0.06400401148571618,,,0,0,,0.0,,,,,runs/pretrainsport2w2_W1s1/ckpt_latest.pkl
full,sport2w2,W1s1,,ret_t8,strat512,8,1,rg,,512,0.923828125,,,False,0.9473684210526315,0.9197247706422018,0.0,0.0,1.0,3.5128205128205128,0.0,1.0,0.923828125,,,0,0,,0.0,,,,,runs/pretrainsport2w2_W1s1/ckpt_latest.pkl
full,sport2w2,W1s1,,strat_t256,strat512,256,16,rg,,512,0.01171875,41.79250976328615,15.750656413674738,False,0.039473684210526314,0.006880733944954129,17.0,36.5,0.0,26.00592885375494,0.0,0.9873927893021417,0.142578125,,,5,14,,0.1324110671936759,,,,,runs/pretrainsport2w2_W1s1/ckpt_latest.pkl
full,sport2w2,W1s1,,strat_t6,strat512,6,10,rg,,512,0.013671875,31.245421913417083,1.0182792983436346,True,0.09210526315789473,0.0,2.0,3.0,0.0,30.865346534653465,0.0,1.0,0.015625,,,0,10,,0.0019801980198019802,,,,,runs/pretrainsport2w2_W1s1/ckpt_latest.pkl
full,sport2w2,W1s1,,strat_t64,strat512,64,16,rg,,512,0.0546875,,,False,0.25,0.020642201834862386,17.0,32.599999999999994,0.0,25.665289256198346,0.0,0.9870078648328882,0.220703125,,,3,14,,0.1756198347107438,,,,,runs/pretrainsport2w2_W1s1/ckpt_latest.pkl
full,sport2w2,W1s1,,val_t64,64,64,1,rg,,64,0.09375,,,False,0.13333333333333333,0.08163265306122448,15.5,25.699999999999996,0.0,27.810344827586206,0.0,0.997270391283139,0.09375,,,0,0,,0.0,,,,,runs/pretrainsport2w2_W1s1/ckpt_latest.pkl
full,sport2w2,W2,,full_t6,full,6,1,rg,,422786,0.02349415543561045,30.62133828209441,1.538321126962605,True,0.16249775058484794,0.0,3.0,3.0,0.0,33.16991277767147,0.0,0.9999974102990015,0.02349415543561045,,,0,0,,0.0,,,,,runs/pretrainsport2w2_W2/ckpt_latest.pkl
full,sport2w2,W2,,full_t64,full,64,1,rg,,422786,0.19374813735554158,29.133734568325227,10.999967419679665,True,0.8655258723640944,0.08020538684230173,17.0,33.0,0.0,30.92867704006196,0.0,0.9999991412925227,0.19374813735554158,,,0,0,,0.0,,,,,runs/pretrainsport2w2_W2/ckpt_latest.pkl
full,sport2w2,W2,,ret_t8,strat512,8,1,rg,,512,0.998046875,,,False,1.0,0.9977064220183486,0.0,0.0,1.0,3.0,0.0,1.0,0.998046875,,,0,0,,0.0,,,,,runs/pretrainsport2w2_W2/ckpt_latest.pkl
full,sport2w2,W2,,strat_t256,strat512,256,16,rg,,512,0.201171875,29.115844618995524,11.29970389095444,True,0.8157894736842105,0.09403669724770643,16.0,40.8,0.0,34.68948655256724,0.0,1.0,0.240234375,,,0,4,,0.0488997555012225,,,,,runs/pretrainsport2w2_W2/ckpt_latest.pkl
full,sport2w2,W2,,strat_t6,strat512,6,2,rg,,512,0.013671875,31.245421913417083,1.0182792983436346,True,0.09210526315789473,0.0,2.0,3.0,0.0,32.79207920792079,0.0,1.0,0.013671875,,,0,0,,0.0,,,,,runs/pretrainsport2w2_W2/ckpt_latest.pkl
full,sport2w2,W2,,strat_t64,strat512,64,16,rg,,512,0.193359375,29.3591790071457,11.638985547722635,True,0.8026315789473685,0.0871559633027523,16.0,32.0,0.0,30.239709443099272,0.0,1.0,0.232421875,,,0,5,,0.048426150121065374,,,,,runs/pretrainsport2w2_W2/ckpt_latest.pkl
full,sport2w2,W2,,val_t64,64,64,1,rg,,64,0.109375,,,False,0.13333333333333333,0.10204081632653061,19.0,27.0,0.0,30.45614035087719,0.0,1.0036134087980315,0.109375,,,0,0,,0.0,,,,,runs/pretrainsport2w2_W2/ckpt_latest.pkl
full,sport2w2,W3,,full_t6,full,6,1,rg,,422786,0.0234539459679365,30.734981530010664,1.7764364717592864,True,0.16221964107513864,0.0,2.0,3.0,0.0,32.07718410153317,0.0,0.9999881833838226,0.0234539459679365,,,0,0,,0.0,,,,,runs/pretrainsport2w2_W3/ckpt_latest.pkl
full,sport2w2,W3,,full_t64,full,64,1,rg,,422786,0.14952481870260603,31.103029971737566,13.87944870546221,True,0.6397500286289202,0.06666777268089553,15.0,40.0,0.0,26.493371230556583,0.0,0.9999448806313802,0.14952481870260603,,,0,0,,0.0,,,,,runs/pretrainsport2w2_W3/ckpt_latest.pkl
full,sport2w2,W3,,ret_t8,strat512,8,1,rg,,512,0.87109375,,,False,0.9342105263157895,0.8600917431192661,0.0,0.0,1.0,3.4393939393939394,0.0,1.0,0.87109375,,,0,0,,0.0,,,,,runs/pretrainsport2w2_W3/ckpt_latest.pkl
full,sport2w2,W3,,strat_t256,strat512,256,14,rg,,512,0.1796875,30.079141111969395,13.031786974972922,True,0.6447368421052632,0.09862385321100918,15.0,67.5,0.0,25.66190476190476,0.0,0.999843499599359,0.296875,,,0,4,,0.14285714285714285,,,,,runs/pretrainsport2w2_W3/ckpt_latest.pkl
full,sport2w2,W3,,strat_t6,strat512,6,1,rg,,512,0.013671875,31.245421913417083,1.0182792983436346,True,0.09210526315789473,0.0,3.0,3.0,0.0,32.011881188118814,0.0,1.0,0.013671875,,,0,0,,0.0,,,,,runs/pretrainsport2w2_W3/ckpt_latest.pkl
full,sport2w2,W3,,strat_t64,strat512,64,16,rg,,512,0.14453125,30.093224084856402,10.937210033923801,True,0.5394736842105263,0.07568807339449542,14.0,42.0,0.0,25.801369863013697,0.0,0.9998553240740741,0.271484375,,,0,5,,0.14840182648401826,,,,,runs/pretrainsport2w2_W3/ckpt_latest.pkl
full,sport2w2,W3,,val_t64,64,64,1,rg,,64,0.125,,,False,0.2,0.10204081632653061,20.0,41.6,0.0,27.285714285714285,0.0,1.0036134087980315,0.125,,,0,0,,0.0,,,,,runs/pretrainsport2w2_W3/ckpt_latest.pkl
full,sport2w2,W4,,full_t6,full,6,1,rg,,422786,0.021195119989782064,31.933038728385696,3.3528148889771403,True,0.1465800709997219,2.765035572182636e-06,2.0,3.0,0.0,32.479043073763066,0.0,0.9999318577948878,0.021195119989782064,,,0,0,,0.0,,,,,runs/pretrainsport2w2_W4/ckpt_latest.pkl
full,sport2w2,W4,,full_t64,full,64,1,rg,,422786,0.01794761415940925,40.2774437612542,15.697259207453621,False,0.0830402277226103,0.006945769357322782,15.0,35.0,0.0,26.79351779151152,0.0,0.9996251508234619,0.01794761415940925,,,0,0,,0.0,,,,,runs/pretrainsport2w2_W4/ckpt_latest.pkl
full,sport2w2,W4,,ret_t8,strat512,8,1,rg,,512,0.931640625,-73.33851893885988,165.80634906181822,False,0.9473684210526315,0.9288990825688074,0.0,0.0,1.0,3.057142857142857,0.0,1.0,0.931640625,,,0,0,,0.0,,,,,runs/pretrainsport2w2_W4/ckpt_latest.pkl
full,sport2w2,W4,,strat_t256,strat512,256,16,rg,,512,0.017578125,45.44047791687983,21.583061406070563,False,0.09210526315789473,0.0045871559633027525,16.0,61.400000000000006,0.0,24.206759443339962,0.0,0.9995844069465394,0.1484375,,,5,13,,0.13320079522862824,,,,,runs/pretrainsport2w2_W4/ckpt_latest.pkl
full,sport2w2,W4,,strat_t6,strat512,6,4,rg,,512,0.013671875,31.245421913417083,1.0182792983436346,True,0.09210526315789473,0.0,2.0,2.0,0.0,32.44158415841584,0.0,1.0,0.015625,,,0,4,,0.0019801980198019802,,,,,runs/pretrainsport2w2_W4/ckpt_latest.pkl
full,sport2w2,W4,,strat_t64,strat512,64,16,rg,,512,0.0234375,45.96003120227395,23.960028883478014,False,0.07894736842105263,0.013761467889908258,14.0,36.20000000000002,0.0,26.972,0.0,0.9996472175275024,0.146484375,,,4,14,,0.126,,,,,runs/pretrainsport2w2_W4/ckpt_latest.pkl
full,sport2w2,W4,,val_t64,64,64,1,rg,,64,0.0,,,False,0.0,0.0,16.0,37.40000000000001,0.0,27.546875,0.0,1.0029884087980316,0.0,,,,,,0.0,,,,,runs/pretrainsport2w2_W4/ckpt_latest.pkl
full,sport2w2,W4s1,,full_t6,full,6,1,rg,,422786,0.02237065560354411,31.536661407796494,2.9771230030639577,True,0.1547106843129877,2.765035572182636e-06,2.0,3.0,0.0,31.51422357062672,0.0,0.9999310606028298,0.02237065560354411,,,0,0,,0.0,,,,,runs/pretrainsport2w2_W4s1/ckpt_latest.pkl
full,sport2w2,W4s1,,full_t64,full,64,1,rg,,422786,0.0055323496993750975,49.71275685195222,20.239030755495943,False,0.024473636854417852,0.002330924987349962,15.0,46.0,0.0,30.60452565959562,0.0,0.9944273025402616,0.0055323496993750975,,,0,0,,0.0,,,,,runs/pretrainsport2w2_W4s1/ckpt_latest.pkl
full,sport2w2,W4s1,,ret_t8,strat512,8,1,rg,,512,0.98828125,-13.844383564869354,38.545132675589805,False,1.0,0.9862385321100917,0.0,0.0,1.0,3.0,0.0,1.0,0.98828125,,,0,0,,0.0,,,,,runs/pretrainsport2w2_W4s1/ckpt_latest.pkl
full,sport2w2,W4s1,,strat_t256,strat512,256,16,rg,,512,0.0078125,,,False,0.013157894736842105,0.006880733944954129,25.0,147.2,0.0,30.75,0.0,0.9950021666318771,0.255859375,,,6,13,,0.25,,,,,runs/pretrainsport2w2_W4s1/ckpt_latest.pkl
full,sport2w2,W4s1,,strat_t6,strat512,6,1,rg,,512,0.013671875,31.245421913417083,1.0182792983436346,True,0.09210526315789473,0.0,2.0,2.4000000000000004,0.0,31.316831683168317,0.0,0.9999248798076923,0.013671875,,,0,0,,0.0,,,,,runs/pretrainsport2w2_W4s1/ckpt_latest.pkl
full,sport2w2,W4s1,,strat_t64,strat512,64,16,rg,,512,0.009765625,61.750019704637545,34.47325677413884,False,0.039473684210526314,0.0045871559633027525,16.0,48.8,0.0,30.59368836291913,0.0,0.9941785860322522,0.23046875,,,6,14,,0.22287968441814596,,,,,runs/pretrainsport2w2_W4s1/ckpt_latest.pkl
full,sport2w2,W4s1,,val_t64,64,64,1,rg,,64,0.0,,,False,0.0,0.0,15.0,15.6,0.0,31.703125,0.0,1.001131660222533,0.0,,,,,,0.0,,,,,runs/pretrainsport2w2_W4s1/ckpt_latest.pkl
full,sport2w2,W5,,full_t6,full,6,1,rg,,422786,0.022831881850392397,31.318968707818172,2.61246370088958,True,0.15791712336610664,0.0,2.0,3.0,0.0,32.44492451583388,0.0,0.999963053509637,0.022831881850392397,,,0,0,,0.0,,,,,runs/pretrainsport2w2_W5/ckpt_latest.pkl
full,sport2w2,W5,,full_t64,full,64,1,rg,,422786,0.00010643682619575861,62.04763622173133,17.33366604488187,False,0.0005562190194185876,3.0415391294008997e-05,13.0,30.0,0.0,33.37625874944706,0.0,0.9713014344741366,0.00010643682619575861,,,0,0,,0.0,,,,,runs/pretrainsport2w2_W5/ckpt_latest.pkl
full,sport2w2,W5,,ret_t8,strat512,8,1,rg,,512,0.857421875,,,False,0.9342105263157895,0.8440366972477065,0.0,0.0,1.0,3.3013698630136985,0.0,1.0,0.857421875,,,0,0,,0.0,,,,,runs/pretrainsport2w2_W5/ckpt_latest.pkl
full,sport2w2,W5,,strat_t256,strat512,256,1,rg,,512,0.0,,,False,0.0,0.0,12.0,27.0,0.0,37.107421875,0.0,0.9746050367969533,0.0,,,,,,0.0,,,,,runs/pretrainsport2w2_W5/ckpt_latest.pkl
full,sport2w2,W5,,strat_t6,strat512,6,1,rg,,512,0.013671875,31.245421913417083,1.0182792983436346,True,0.09210526315789473,0.0,2.0,2.4000000000000004,0.0,32.17227722772277,0.0,0.9999248798076923,0.013671875,,,0,0,,0.0,,,,,runs/pretrainsport2w2_W5/ckpt_latest.pkl
full,sport2w2,W5,,strat_t64,strat512,64,11,rg,,512,0.0,,,False,0.0,0.0,12.0,27.0,0.0,34.052734375,0.0,0.9707936355222565,0.005859375,,,5,11,,0.005859375,,,,,runs/pretrainsport2w2_W5/ckpt_latest.pkl
full,sport2w2,W5,,val_t64,64,64,1,rg,,64,0.0,,,False,0.0,0.0,21.0,25.0,0.0,32.796875,0.0,0.9756068066542012,0.0,,,,,,0.0,,,,,runs/pretrainsport2w2_W5/ckpt_latest.pkl
full,sport2w2,W6,,full_t6,full,6,1,rg,,422786,0.02223583562369615,31.596470974082205,2.8442201284836064,True,0.15379455886923946,0.0,3.0,4.0,0.0,35.303448359277674,0.0,0.9999271248672899,0.02223583562369615,,,0,0,,0.0,,,,,runs/pretrainsport2w2_W6/ckpt_latest.pkl
full,sport2w2,W6,,full_t64,full,64,1,rg,,422786,0.0001679336591088636,91.70310227052423,33.454001891137885,False,0.0008506879120519574,5.253567587147009e-05,3.0,26.0,0.0,92.79427983393066,0.0,0.6853597639986587,0.0001679336591088636,,,0,0,,0.0,,,,,runs/pretrainsport2w2_W6/ckpt_latest.pkl
full,sport2w2,W6,,ret_t8,strat512,8,1,rg,,512,0.140625,33.08155177052976,18.262077023080053,True,0.23684210526315788,0.12385321100917432,0.0,0.0,0.994140625,9.572727272727272,0.0,1.0,0.140625,,,0,0,,0.0,,,,,runs/pretrainsport2w2_W6/ckpt_latest.pkl
full,sport2w2,W6,,strat_t256,strat512,256,1,rg,,512,0.0,,,False,0.0,0.0,14.5,27.5,0.0,209.173828125,0.0,0.1004253065020728,0.0,,,,,,0.0,,,,,runs/pretrainsport2w2_W6/ckpt_latest.pkl
full,sport2w2,W6,,strat_t6,strat512,6,1,rg,,512,0.013671875,31.245421913417083,1.0182792983436346,True,0.09210526315789473,0.0,3.0,3.0,0.0,35.03168316831683,0.0,1.0,0.013671875,,,0,0,,0.0,,,,,runs/pretrainsport2w2_W6/ckpt_latest.pkl
full,sport2w2,W6,,strat_t64,strat512,64,1,rg,,512,0.001953125,,,False,0.013157894736842105,0.0,14.5,27.5,0.0,89.92563600782779,0.0,0.7034820557529506,0.001953125,,,0,0,,0.0,,,,,runs/pretrainsport2w2_W6/ckpt_latest.pkl
full,sport2w2,W6,,val_t64,64,64,1,rg,,64,0.0,,,False,0.0,0.0,11.0,11.0,0.0,86.84375,0.0,0.7182565585892392,0.0,,,,,,0.0,,,,,runs/pretrainsport2w2_W6/ckpt_latest.pkl
full,sport2w2,W7,,full_t6,full,6,1,rg,,422786,0.023707029088001968,30.487181385407837,2.044190551368453,True,0.1639700950480148,0.0,2.0,3.0,0.0,31.896281885731035,0.0,0.9999936889223056,0.023707029088001968,,,0,0,,0.0,,,,,runs/pretrainsport2w2_W7/ckpt_latest.pkl
full,sport2w2,W7,,full_t64,full,64,1,rg,,422786,0.0034438226431338786,40.429593411032,10.589898896805249,False,0.018044399365255943,0.0009760575569804705,12.0,20.0,0.0,29.357346972681746,0.0,0.9908860957964938,0.0034438226431338786,,,0,0,,0.0,,,,,runs/pretrainsport2w2_W7/ckpt_latest.pkl
full,sport2w2,W7,,ret_t8,strat512,8,1,rg,,512,0.60546875,22.4485989658001,28.28036469100493,True,0.7763157894736842,0.5756880733944955,0.0,0.0,1.0,4.237623762376238,0.0,1.0,0.60546875,,,0,0,,0.0,,,,,runs/pretrainsport2w2_W7/ckpt_latest.pkl
full,sport2w2,W7,,strat_t256,strat512,256,16,rg,,512,0.0234375,43.38446467368448,20.852220251922457,False,0.07894736842105263,0.013761467889908258,12.0,21.900000000000006,0.0,19.052,0.0,0.9977341392862993,0.09375,,,3,13,,0.072,,,,,runs/pretrainsport2w2_W7/ckpt_latest.pkl
full,sport2w2,W7,,strat_t6,strat512,6,3,rg,,512,0.015625,30.644784594482847,3.0461346197503034,True,0.10526315789473684,0.0,2.0,3.5999999999999996,0.0,31.86706349206349,0.0,1.0,0.015625,,,0,0,,0.0,,,,,runs/pretrainsport2w2_W7/ckpt_latest.pkl
full,sport2w2,W7,,strat_t64,strat512,64,16,rg,,512,0.00390625,39.29936277276717,10.078469115309817,False,0.02631578947368421,0.0,12.0,19.0,0.0,29.00588235294118,0.0,0.9917410297353303,0.021484375,,,3,15,,0.01764705882352941,,,,,runs/pretrainsport2w2_W7/ckpt_latest.pkl
full,sport2w2,W7,,val_t64,64,64,1,rg,,64,0.0,,,False,0.0,0.0,13.0,14.5,0.0,29.84375,0.0,0.995705486280734,0.0,,,,,,0.0,,,,,runs/pretrainsport2w2_W7/ckpt_latest.pkl
full,sport2w2,W8,,full_t6,full,6,1,rg,,422786,0.02349415543561045,30.667016105208802,1.8008012078481086,True,0.16248139120192387,2.765035572182636e-06,2.0,3.0,0.0,37.27570345861602,0.0,1.0,0.02349415543561045,,,0,0,,0.0,,,,,runs/pretrainsport2w2_W8/ckpt_latest.pkl
full,sport2w2,W8,,full_t64,full,64,1,rg,,422786,0.09351066496998482,30.30228022681767,8.460557973904939,True,0.472491697613166,0.02945592395046162,14.0,28.0,0.0,34.82098676846245,1.1826314021750956e-05,0.9999995227020956,0.09351066496998482,,,0,0,,0.0,,,,,runs/pretrainsport2w2_W8/ckpt_latest.pkl
full,sport2w2,W8,,ret_t8,strat512,8,1,rg,,512,1.0,,,False,1.0,1.0,0.0,0.0,1.0,,0.0,1.0,1.0,,,0,0,,,,,,,runs/pretrainsport2w2_W8/ckpt_latest.pkl
full,sport2w2,W8,,strat_t256,strat512,256,16,rg,,512,0.083984375,30.15675208211394,7.796777177168409,True,0.4342105263157895,0.022935779816513763,13.0,25.60000000000001,0.0,33.33475479744136,0.0,1.0,0.169921875,,,1,7,,0.09381663113006397,,,,,runs/pretrainsport2w2_W8/ckpt_latest.pkl
full,sport2w2,W8,,strat_t6,strat512,6,1,rg,,512,0.013671875,31.245421913417083,1.0182792983436346,True,0.09210526315789473,0.0,2.0,2.4000000000000004,0.0,36.41386138613861,0.0,1.0,0.013671875,,,0,0,,0.0,,,,,runs/pretrainsport2w2_W8/ckpt_latest.pkl
full,sport2w2,W8,,strat_t64,strat512,64,16,rg,,512,0.083984375,30.15675208211394,7.796777177168409,True,0.4342105263157895,0.022935779816513763,13.0,25.60000000000001,0.0,33.46268656716418,0.0,1.0,0.166015625,,,0,7,,0.08955223880597014,,,,,runs/pretrainsport2w2_W8/ckpt_latest.pkl
full,sport2w2,W8,,val_t64,64,64,1,rg,,64,0.046875,,,False,0.13333333333333333,0.02040816326530612,17.0,35.4,0.0,35.77049180327869,0.0,1.0036134087980315,0.046875,,,0,0,,0.0,,,,,runs/pretrainsport2w2_W8/ckpt_latest.pkl
full,sport2w2,W9,,full_t6,full,6,1,rg,,422786,0.023177210219827524,31.092125014040718,2.151178426018551,True,0.16030559327302174,0.0,3.0,4.0,0.0,36.784252288812965,0.0,0.999999446319606,0.023177210219827524,,,0,0,,0.0,,,,,runs/pretrainsport2w2_W9/ckpt_latest.pkl
full,sport2w2,W9,,full_t64,full,64,1,rg,,422786,0.05241658900720459,30.517677893628306,6.2625887678804935,True,0.2806779328283737,0.013836238003201912,19.0,47.0,0.0,27.290491107644307,7.095788413050574e-06,0.9875132782044864,0.05241658900720459,,,0,0,,0.0,,,,,runs/pretrainsport2w2_W9/ckpt_latest.pkl
full,sport2w2,W9,,ret_t8,strat512,8,1,rg,,512,1.0,,,False,1.0,1.0,0.0,0.0,1.0,,0.0,1.0,1.0,,,0,0,,,,,,,runs/pretrainsport2w2_W9/ckpt_latest.pkl
full,sport2w2,W9,,strat_t256,strat512,256,16,rg,,512,0.05859375,30.84729521366533,7.56452846984258,True,0.21052631578947367,0.03211009174311927,29.0,46.0,0.0,27.323651452282157,0.0,0.9823467548076923,0.078125,,,0,7,,0.02074688796680498,,,,,runs/pretrainsport2w2_W9/ckpt_latest.pkl
full,sport2w2,W9,,strat_t6,strat512,6,1,rg,,512,0.013671875,31.245421913417083,1.0182792983436346,True,0.09210526315789473,0.0,2.0,3.0,0.0,36.38415841584158,0.0,1.0,0.013671875,,,0,0,,0.0,,,,,runs/pretrainsport2w2_W9/ckpt_latest.pkl
full,sport2w2,W9,,strat_t64,strat512,64,16,rg,,512,0.052734375,30.964139305845244,7.365077900161438,True,0.19736842105263158,0.027522935779816515,23.0,42.0,0.0,26.31340206185567,0.0,0.9882422987891738,0.072265625,,,0,11,,0.020618556701030927,,,,,runs/pretrainsport2w2_W9/ckpt_latest.pkl
full,sport2w2,W9,,val_t64,64,64,1,rg,,64,0.03125,50.90994310920256,32.982076512725314,False,0.0,0.04081632653061224,28.0,40.0,0.0,32.32258064516129,0.0,0.9746078888550116,0.03125,,,0,0,,0.0,,,,,runs/pretrainsport2w2_W9/ckpt_latest.pkl
full,sport3a,A10,,full_t6,full,6,1,rg,,422786,0.022841342901609798,31.319338304623052,2.4931906487056588,True,0.15798256089780294,0.0,3.0,4.0,0.0,35.89220074117286,0.0,0.9999994421079558,0.022841342901609798,,,0,0,,0.0,,,,,runs/pretrainsport3a_A10/ckpt_latest.pkl
full,sport3a,A10,,full_t64,full,64,1,rg,,422786,0.09037432649141647,30.709643853829867,9.104154932437769,True,0.4443699183666792,0.0305425829303294,12.0,23.0,0.0,30.543534844777508,0.0008349377699356175,0.9997230578301743,0.09037432649141647,,,0,0,,0.0,,,,,runs/pretrainsport3a_A10/ckpt_latest.pkl
full,sport3a,A10,,full_t64_valbest,full,64,1,rg,,422786,0.10456826858032196,30.225908795038283,8.932420549967661,True,0.5142244834524842,0.03532885950577754,16.0,32.0,0.0,34.82166064409788,0.00012062840302185975,0.9999740214049325,0.10456826858032196,,,0,0,,0.0,,,,,runs/pretrainsport3a_A10/ckpt_040000.pkl
full,sport3a,A10,,ret_t8,strat512,8,1,rg,,512,1.0,,,False,1.0,1.0,0.0,1.0,0.650390625,,0.0,1.0,1.0,,,0,0,,,,,,,runs/pretrainsport3a_A10/ckpt_latest.pkl
full,sport3a,A10,,retfm_t8,strat512,8,1,rg,,512,1.0,,,False,1.0,1.0,0.0,0.0,0.98828125,,0.0,1.0,1.0,,,0,0,,,,,,,runs/pretrainsport3a_A10/ckpt_latest.pkl
full,sport3a,A10,,strat_t256,strat512,256,16,rg,,512,0.0859375,31.279411678895052,10.115777133721789,True,0.42105263157894735,0.027522935779816515,12.0,35.500000000000014,0.0,29.4017094017094,0.00390625,0.9997023014601139,0.21484375,,,2,13,,0.14102564102564102,,,,,runs/pretrainsport3a_A10/ckpt_latest.pkl
full,sport3a,A10,,strat_t6,strat512,6,2,rg,,512,0.013671875,31.245421913417083,1.0182792983436346,True,0.09210526315789473,0.0,3.0,3.0,0.0,35.3980198019802,0.0,1.0,0.013671875,,,0,0,,0.0,,,,,runs/pretrainsport3a_A10/ckpt_latest.pkl
full,sport3a,A10,,strat_t64,strat512,64,16,rg,,512,0.08203125,31.382815438811583,10.062164116625967,True,0.42105263157894735,0.022935779816513763,12.0,23.499999999999993,0.0,30.26808510638298,0.001953125,0.9997744168447293,0.2109375,,,2,13,,0.14042553191489363,,,,,runs/pretrainsport3a_A10/ckpt_latest.pkl
full,sport3a,A10,,val_t64,64,64,1,rg,,64,0.03125,50.90994310920256,32.98207651272531,False,0.06666666666666667,0.02040816326530612,9.5,9.9,0.0,31.532258064516128,0.0,1.002962367131365,0.03125,,,0,0,,0.0,,,,,runs/pretrainsport3a_A10/ckpt_latest.pkl
full,sport3a,A2,,full_t6,full,6,1,rg,,422786,0.02352253858926265,30.574856139194374,1.6567821209176192,True,0.16269406317993684,0.0,2.0,3.0,0.0,31.656582073970366,0.0,1.0,0.02352253858926265,,,0,0,,0.0,,,,,runs/pretrainsport3a_A2/ckpt_latest.pkl
full,sport3a,A2,,full_t64,full,64,1,rg,,422786,0.17727644718604685,31.751652817763897,17.875683199921216,True,0.7326222454889002,0.08341282810603358,14.0,39.0,0.0,21.266004668866938,0.0,0.9997498193862567,0.17727644718604685,,,0,0,,0.0,,,,,runs/pretrainsport3a_A2/ckpt_latest.pkl
full,sport3a,A2,,ret_t8,strat512,8,1,rg,,512,0.54296875,24.83622340704317,9.52874375102832,True,0.8421052631578947,0.4908256880733945,0.0,1.0,0.5511022044088176,7.461538461538462,0.0,1.0,0.54296875,,,0,0,,0.0,,,,,runs/pretrainsport3a_A2/ckpt_latest.pkl
full,sport3a,A2,,retfm_t8,strat512,8,1,rg,,512,1.0,,,False,1.0,1.0,1.0,1.0,0.447265625,,0.0,1.0,1.0,,,0,0,,,,,,,runs/pretrainsport3a_A2/ckpt_latest.pkl
full,sport3a,A2,,strat_t256,strat512,256,15,rg,,512,0.17578125,35.89790181899174,29.755922301705517,False,0.6973684210526315,0.08486238532110092,16.5,70.0,0.0,17.959715639810426,0.0,0.9997920921840959,0.291015625,,,0,4,,0.13981042654028436,,,,,runs/pretrainsport3a_A2/ckpt_latest.pkl
full,sport3a,A2,,strat_t6,strat512,6,1,rg,,512,0.013671875,31.245421913417083,1.0182792983436346,True,0.09210526315789473,0.0,2.0,3.0,0.0,31.44950495049505,0.0,1.0,0.013671875,,,0,0,,0.0,,,,,runs/pretrainsport3a_A2/ckpt_latest.pkl
full,sport3a,A2,,strat_t64,strat512,64,15,rg,,512,0.1953125,34.18453110681678,27.153494678495978,True,0.75,0.09862385321100918,14.0,37.599999999999994,0.0,21.444174757281555,0.0,0.9999425551470589,0.26953125,,,0,2,,0.09223300970873786,,,,,runs/pretrainsport3a_A2/ckpt_latest.pkl
full,sport3a,A2,,val_t64,64,64,1,rg,,64,0.15625,,,False,0.2,0.14285714285714285,26.5,39.3,0.0,21.5,0.0,1.0036134087980315,0.15625,,,0,0,,0.0,,,,,runs/pretrainsport3a_A2/ckpt_latest.pkl
full,sport3a,A2s1,,full_t6,full,6,1,rg,,422786,0.0234728680703713,30.752628070665253,2.0217795231586293,True,0.16233415675560717,2.765035572182636e-06,2.0,3.0,0.0,30.653545252408794,0.0,0.9999996307621414,0.0234728680703713,,,0,0,,0.0,,,,,runs/pretrainsport3a_A2s1/ckpt_latest.pkl
full,sport3a,A2s1,,full_t64,full,64,1,rg,,422786,0.024047626931828395,40.06219297584465,16.816297791513154,False,0.11325600798337887,0.008969775396160472,13.0,44.0,0.0,23.062987889554286,0.0,0.9997795359059972,0.024047626931828395,,,0,0,,0.0,,,,,runs/pretrainsport3a_A2s1/ckpt_latest.pkl
full,sport3a,A2s1,,full_t64_valbest,full,64,1,rg,,422786,0.06828750242439438,32.50214434222247,10.972033134642466,True,0.31881165442439513,0.025944328773789674,18.0,41.0,0.0,19.61427973039869,0.0,0.9999996285336025,0.06828750242439438,,,0,0,,0.0,,,,,runs/pretrainsport3a_A2s1/ckpt_010000.pkl
full,sport3a,A2s1,,ret_t8,strat512,8,1,rg,,512,0.986328125,,,False,1.0,0.9839449541284404,0.0,0.0,0.9921875,3.0,0.0,1.0,0.986328125,,,0,0,,0.0,,,,,runs/pretrainsport3a_A2s1/ckpt_latest.pkl
full,sport3a,A2s1,,retfm_t8,strat512,8,1,rg,,512,0.669921875,-0.6845162207634203,160.98617586038003,False,0.8026315789473685,0.6467889908256881,1.0,2.0,0.201171875,3.5562130177514795,0.0,1.0,0.669921875,,,0,0,,0.0,,,,,runs/pretrainsport3a_A2s1/ckpt_latest.pkl
full,sport3a,A2s1,,strat_t256,strat512,256,16,rg,,512,0.0234375,35.423800828010144,10.899150293224366,False,0.11842105263157894,0.006880733944954129,20.0,110.80000000000001,0.0,26.132,0.0,0.9998674349547512,0.173828125,,,6,14,,0.154,,,,,runs/pretrainsport3a_A2s1/ckpt_latest.pkl
full,sport3a,A2s1,,strat_t6,strat512,6,2,rg,,512,0.01171875,33.76035155158213,0.758515208000706,True,0.07894736842105263,0.0,2.0,3.0,0.0,30.280632411067195,0.0,1.0,0.013671875,,,0,1,,0.001976284584980237,,,,,runs/pretrainsport3a_A2s1/ckpt_latest.pkl
full,sport3a,A2s1,,strat_t64,strat512,64,16,rg,,512,0.021484375,54.13655868955535,32.93236944366753,False,0.11842105263157894,0.0045871559633027525,13.0,41.599999999999994,0.0,22.806387225548903,0.0,0.9997937334656084,0.11328125,,,7,15,,0.09381237524950099,,,,,runs/pretrainsport3a_A2s1/ckpt_latest.pkl
full,sport3a,A2s1,,val_t64,64,64,1,rg,,64,0.0,,,False,0.0,0.0,11.0,27.4,0.0,26.015625,0.0,1.0036134087980315,0.0,,,,,,0.0,,,,,runs/pretrainsport3a_A2s1/ckpt_latest.pkl
full,sport3a,A3,,full_t6,full,6,1,rg,,422786,0.023510712275240903,30.57179072424169,1.5091754443575973,True,0.16261226626531647,0.0,2.0,3.0,0.0,32.64635723732336,0.0,0.9999965028758224,0.023510712275240903,,,0,0,,0.0,,,,,runs/pretrainsport3a_A3/ckpt_latest.pkl
full,sport3a,A3,,full_t64,full,64,1,rg,,422786,0.15437833797713263,30.120721018853747,11.57508359861586,True,0.7186349730888151,0.05900862414594964,15.0,30.0,0.0,31.784653596891896,0.0,0.9999369710154135,0.15437833797713263,,,0,0,,0.0,,,,,runs/pretrainsport3a_A3/ckpt_latest.pkl
full,sport3a,A3,,full_t64_valbest,full,64,1,rg,,422786,0.15482064212154611,29.976724229121245,11.211965139399604,True,0.7173589412207372,0.059741358572578035,14.0,30.0,0.0,31.07167604175412,0.0,0.9999422807709307,0.15482064212154611,,,0,0,,0.0,,,,,runs/pretrainsport3a_A3/ckpt_045000.pkl
full,sport3a,A3,,ret_t8,strat512,8,1,rg,,512,1.0,,,False,1.0,1.0,0.0,0.0,1.0,,0.0,1.0,1.0,,,0,0,,,,,,,runs/pretrainsport3a_A3/ckpt_latest.pkl
full,sport3a,A3,,retfm_t8,strat512,8,1,rg,,512,1.0,,,False,1.0,1.0,0.0,0.0,1.0,,0.0,1.0,1.0,,,0,0,,,,,,,runs/pretrainsport3a_A3/ckpt_latest.pkl
full,sport3a,A3,,strat_t256,strat512,256,16,rg,,512,0.138671875,31.750021583696718,14.77045528099104,True,0.631578947368421,0.052752293577981654,15.0,33.20000000000002,0.0,30.829931972789115,0.0,0.9999441964285715,0.220703125,,,0,8,,0.09523809523809523,,,,,runs/pretrainsport3a_A3/ckpt_latest.pkl
full,sport3a,A3,,strat_t6,strat512,6,2,rg,,512,0.013671875,31.245421913417083,1.0182792983436346,True,0.09210526315789473,0.0,2.0,3.0,0.0,32.59405940594059,0.0,1.0,0.013671875,,,0,0,,0.0,,,,,runs/pretrainsport3a_A3/ckpt_latest.pkl
full,sport3a,A3,,strat_t64,strat512,64,15,rg,,512,0.15625,30.17033329570443,11.829870685921552,True,0.7105263157894737,0.05963302752293578,14.5,30.299999999999997,0.0,31.805555555555557,0.0,0.9999248798076923,0.220703125,,,0,8,,0.0763888888888889,,,,,runs/pretrainsport3a_A3/ckpt_latest.pkl
full,sport3a,A3,,val_t64,64,64,1,rg,,64,0.125,,,False,0.2,0.10204081632653061,19.0,28.0,0.0,32.30357142857143,0.0,1.0036134087980315,0.125,,,0,0,,0.0,,,,,runs/pretrainsport3a_A3/ckpt_latest.pkl
full,sport3a,A3s1,,full_t6,full,6,1,rg,,422786,0.023527269114871352,30.49042365902379,1.336487506109812,True,0.162726781945785,0.0,2.0,3.0,0.0,32.76158260241886,0.0,0.9999982338657557,0.023527269114871352,,,0,0,,0.0,,,,,runs/pretrainsport3a_A3s1/ckpt_latest.pkl
full,sport3a,A3s1,,full_t64,full,64,1,rg,,422786,0.17094227339599702,29.745565672540483,11.52592425798026,True,0.779655471395619,0.06805858557370341,15.0,29.0,0.0,32.17603005871378,0.0,0.9999360065866788,0.17094227339599702,,,0,0,,0.0,,,,,runs/pretrainsport3a_A3s1/ckpt_latest.pkl
full,sport3a,A3s1,,full_t64_valbest,full,64,1,rg,,422786,0.17865303013817865,29.09717951249559,10.046955744469978,True,0.8221898669982168,0.06988350905134394,16.0,31.0,0.0,31.147350354495558,0.0,0.9999987433987113,0.17865303013817865,,,0,0,,0.0,,,,,runs/pretrainsport3a_A3s1/ckpt_030000.pkl
full,sport3a,A3s1,,ret_t8,strat512,8,1,rg,,512,1.0,,,False,1.0,1.0,0.0,0.0,1.0,,0.0,1.0,1.0,,,0,0,,,,,,,runs/pretrainsport3a_A3s1/ckpt_latest.pkl
full,sport3a,A3s1,,retfm_t8,strat512,8,1,rg,,512,1.0,,,False,1.0,1.0,0.0,0.0,1.0,,0.0,1.0,1.0,,,0,0,,,,,,,runs/pretrainsport3a_A3s1/ckpt_latest.pkl
full,sport3a,A3s1,,strat_t256,strat512,256,16,rg,,512,0.068359375,33.45644798449164,12.864214497799333,True,0.3026315789473684,0.027522935779816515,14.0,37.2,0.0,34.020964360587,0.0,0.999927662037037,0.158203125,,,3,14,,0.09643605870020965,,,,,runs/pretrainsport3a_A3s1/ckpt_latest.pkl
full,sport3a,A3s1,,strat_t6,strat512,6,2,rg,,512,0.013671875,31.245421913417083,1.0182792983436346,True,0.09210526315789473,0.0,2.0,3.0,0.0,32.770297029702974,0.0,1.0,0.013671875,,,0,0,,0.0,,,,,runs/pretrainsport3a_A3s1/ckpt_latest.pkl
full,sport3a,A3s1,,strat_t64,strat512,64,16,rg,,512,0.1640625,29.319721293999518,9.89982986686083,True,0.6842105263157895,0.07339449541284404,14.0,31.700000000000003,0.0,31.72429906542056,0.0,1.0,0.21875,,,0,11,,0.06542056074766354,,,,,runs/pretrainsport3a_A3s1/ckpt_latest.pkl
full,sport3a,A3s1,,val_t64,64,64,1,rg,,64,0.09375,,,False,0.13333333333333333,0.08163265306122448,13.0,29.60000000000001,0.0,32.05172413793103,0.0,1.0036134087980315,0.09375,,,0,0,,0.0,,,,,runs/pretrainsport3a_A3s1/ckpt_latest.pkl
full,sport3a,A4,,full_t6,full,6,1,rg,,422786,0.023534364903284404,30.586861883706636,1.772222902871499,True,0.16277586009455725,0.0,2.0,3.0,0.0,34.39801034793477,0.0,0.9999993057773312,0.023534364903284404,,,0,0,,0.0,,,,,runs/pretrainsport3a_A4/ckpt_latest.pkl
full,sport3a,A4,,full_t64,full,64,1,rg,,422786,0.07862606614220906,34.331860292597376,15.30566187099202,True,0.3704418669327793,0.029303846993991578,14.0,30.0,0.0,30.469115170558396,0.0,0.999994717219477,0.07862606614220906,,,0,0,,0.0,,,,,runs/pretrainsport3a_A4/ckpt_latest.pkl
full,sport3a,A4,,full_t64_valbest,full,64,1,rg,,422786,0.11648682785144257,30.28163168750598,9.738950941358857,True,0.5581167078377803,0.04184328331383983,26.0,39.0,0.0,4.38075210755561,0.0012890682283708543,0.9998688429226431,0.11648682785144257,,,0,0,,0.0,,,,,runs/pretrainsport3a_A4/ckpt_010000.pkl
full,sport3a,A4,,ret_t8,strat512,8,1,rg,,512,0.998046875,,,False,0.9868421052631579,1.0,0.0,0.0,1.0,3.0,0.0,1.0,0.998046875,,,0,0,,0.0,,,,,runs/pretrainsport3a_A4/ckpt_latest.pkl
full,sport3a,A4,,retfm_t8,strat512,8,1,rg,,512,0.947265625,,,False,0.9736842105263158,0.9426605504587156,0.0,2.0,0.7740667976424361,3.111111111111111,0.0,0.9999218750000001,0.947265625,,,0,0,,0.0,,,,,runs/pretrainsport3a_A4/ckpt_latest.pkl
full,sport3a,A4,,strat_t256,strat512,256,16,rg,,512,0.091796875,32.42984106508989,12.821059353357887,True,0.35526315789473684,0.045871559633027525,13.0,42.29999999999997,0.0,29.397849462365592,0.0,1.0,0.265625,,,1,8,,0.1913978494623656,,,,,runs/pretrainsport3a_A4/ckpt_latest.pkl
full,sport3a,A4,,strat_t6,strat512,6,7,rg,,512,0.013671875,31.245421913417083,1.0182792983436346,True,0.09210526315789473,0.0,2.0,3.0,0.0,34.13465346534653,0.0,1.0,0.013671875,,,0,0,,0.0,,,,,runs/pretrainsport3a_A4/ckpt_latest.pkl
full,sport3a,A4,,strat_t64,strat512,64,14,rg,,512,0.07421875,35.03838784914794,16.26503010405521,False,0.2894736842105263,0.03669724770642202,13.0,24.299999999999997,0.0,30.071729957805907,0.0,1.0,0.240234375,,,2,9,,0.17932489451476794,,,,,runs/pretrainsport3a_A4/ckpt_latest.pkl
full,sport3a,A4,,val_t64,64,64,1,rg,,64,0.015625,46.72867829308964,22.702549732273543,False,0.0,0.02040816326530612,12.0,21.5,0.0,31.174603174603174,0.0,1.0036134087980315,0.015625,,,0,0,,0.0,,,,,runs/pretrainsport3a_A4/ckpt_latest.pkl
full,sport3a,A4s1,,full_t6,full,6,1,rg,,422786,0.023515442800849603,30.53910851967585,1.377413062565117,True,0.16264498503116462,0.0,2.0,3.0,0.0,32.82447607328676,0.0,1.0,0.023515442800849603,,,0,0,,0.0,,,,,runs/pretrainsport3a_A4s1/ckpt_latest.pkl
full,sport3a,A4s1,,full_t64,full,64,1,rg,,422786,0.21203161883316857,30.193422904924716,15.777850095023684,True,0.8873983673335841,0.09788225925526532,17.0,36.0,0.0,12.378886480840002,0.0,0.999869757512122,0.21203161883316857,,,0,0,,0.0,,,,,runs/pretrainsport3a_A4s1/ckpt_latest.pkl
full,sport3a,A4s1,,full_t64_valbest,full,64,1,rg,,422786,0.16586878468066588,29.791634342876936,11.355099442963995,True,0.7569977260457735,0.0659571585388446,24.0,45.0,0.0,10.169707848091216,0.0,1.0,0.16586878468066588,,,0,0,,0.0,,,,,runs/pretrainsport3a_A4s1/ckpt_015000.pkl
full,sport3a,A4s1,,ret_t8,strat512,8,1,rg,,512,0.99609375,,,False,1.0,0.9954128440366973,0.0,0.0,1.0,3.0,0.0,1.0,0.99609375,,,0,0,,0.0,,,,,runs/pretrainsport3a_A4s1/ckpt_latest.pkl
full,sport3a,A4s1,,retfm_t8,strat512,8,1,rg,,512,1.0,,,False,1.0,1.0,0.0,0.0,0.94921875,,0.0,1.0,1.0,,,0,0,,,,,,,runs/pretrainsport3a_A4s1/ckpt_latest.pkl
full,sport3a,A4s1,,strat_t256,strat512,256,15,rg,,512,0.26171875,32.078699198885566,28.348667088910044,True,0.9210526315789473,0.14678899082568808,19.0,76.6,0.0,7.415343915343915,0.0,0.9998404947916667,0.37109375,,,0,5,,0.14814814814814814,,,,,runs/pretrainsport3a_A4s1/ckpt_latest.pkl
full,sport3a,A4s1,,strat_t6,strat512,6,2,rg,,512,0.013671875,31.245421913417083,1.0182792983436346,True,0.09210526315789473,0.0,2.0,3.0,0.0,32.499009900990096,0.0,1.0,0.013671875,,,0,0,,0.0,,,,,runs/pretrainsport3a_A4s1/ckpt_latest.pkl
full,sport3a,A4s1,,strat_t64,strat512,64,16,rg,,512,0.2265625,31.55962107027763,21.890186665918563,True,0.8947368421052632,0.11009174311926606,17.0,39.10000000000001,0.0,12.848484848484848,0.0,0.999927662037037,0.30859375,,,0,4,,0.10606060606060606,,,,,runs/pretrainsport3a_A4s1/ckpt_latest.pkl
full,sport3a,A4s1,,val_t64,64,64,1,rg,,64,0.140625,,,False,0.2,0.12244897959183673,19.0,31.60000000000001,0.0,13.2,0.0,1.0036134087980315,0.140625,,,0,0,,0.0,,,,,runs/pretrainsport3a_A4s1/ckpt_latest.pkl
full,sport3a,A5,,full_t6,full,6,1,rg,,422786,0.0234681375447626,30.691953876321925,1.603795653894814,True,0.1623177973726831,0.0,3.0,4.0,0.0,36.9220639241978,0.0,0.9999997763932224,0.0234681375447626,,,0,0,,0.0,,,,,runs/pretrainsport3a_A5/ckpt_latest.pkl
full,sport3a,A5,,full_t64,full,64,1,rg,,422786,0.13503758402596114,29.730222717260443,9.455371700378777,True,0.6435290460843817,0.049093206584102704,18.0,39.0,0.0,36.35349226402402,2.365262804350191e-06,0.9999992750570584,0.13503758402596114,,,0,0,,0.0,,,,,runs/pretrainsport3a_A5/ckpt_latest.pkl
full,sport3a,A5,,ret_t8,strat512,8,1,rg,,512,1.0,,,False,1.0,1.0,0.0,0.0,0.998046875,,0.0,1.0,1.0,,,0,0,,,,,,,runs/pretrainsport3a_A5/ckpt_latest.pkl
full,sport3a,A5,,retfm_t8,strat512,8,1,rg,,512,1.0,,,False,1.0,1.0,0.0,0.0,0.94921875,,0.0,1.0,1.0,,,0,0,,,,,,,runs/pretrainsport3a_A5/ckpt_latest.pkl
full,sport3a,A5,,strat_t256,strat512,256,16,rg,,512,0.142578125,31.092963529154208,13.387539940300018,True,0.6447368421052632,0.05504587155963303,21.0,79.6,0.0,35.783599088838265,0.0,1.0,0.1796875,,,0,11,,0.04328018223234624,,,,,runs/pretrainsport3a_A5/ckpt_latest.pkl
full,sport3a,A5,,strat_t6,strat512,6,2,rg,,512,0.013671875,31.245421913417083,1.0182792983436346,True,0.09210526315789473,0.0,3.0,3.0,0.0,36.01782178217822,0.0,1.0,0.013671875,,,0,0,,0.0,,,,,runs/pretrainsport3a_A5/ckpt_latest.pkl
full,sport3a,A5,,strat_t64,strat512,64,16,rg,,512,0.123046875,31.309387093694067,12.60216677207201,True,0.5921052631578947,0.04128440366972477,18.0,33.800000000000004,0.0,35.16035634743875,0.0,1.0,0.154296875,,,0,12,,0.035634743875278395,,,,,runs/pretrainsport3a_A5/ckpt_latest.pkl
full,sport3a,A5,,val_t64,64,64,1,rg,,64,0.109375,,,False,0.2,0.08163265306122448,21.0,33.0,0.0,38.43859649122807,0.0,1.0036134087980315,0.109375,,,0,0,,0.0,,,,,runs/pretrainsport3a_A5/ckpt_latest.pkl
full,sport3a,A5s1,,full_t6,full,6,1,rg,,422786,0.023229246001523228,31.042898043857523,2.107876022439767,True,0.16066549969735142,0.0,3.0,4.0,0.0,36.462477449662806,0.0,0.9999955405224166,0.023229246001523228,,,0,0,,0.0,,,,,runs/pretrainsport3a_A5s1/ckpt_latest.pkl
full,sport3a,A5s1,,full_t64,full,64,1,rg,,422786,0.063698892583955,30.244120273744258,6.570644970017233,True,0.36245848806583014,0.013203044857172087,18.0,46.0,0.0,30.12218362784353,2.365262804350191e-06,0.9999934461722124,0.063698892583955,,,0,0,,0.0,,,,,runs/pretrainsport3a_A5s1/ckpt_latest.pkl
full,sport3a,A5s1,,full_t64_valbest,full,64,1,rg,,422786,0.05429224241105429,30.344431729915968,6.114346138331038,True,0.32056210839727123,0.009287754486961475,17.0,47.0,0.0,32.008383521078855,2.365262804350191e-06,0.9999940487146393,0.05429224241105429,,,0,0,,0.0,,,,,runs/pretrainsport3a_A5s1/ckpt_040000.pkl
full,sport3a,A5s1,,ret_t8,strat512,8,1,rg,,512,0.990234375,14.916305929206604,8.699087347996585,False,0.9868421052631579,0.9908256880733946,0.0,0.0,0.953125,5.4,0.0,1.0,0.990234375,,,0,0,,0.0,,,,,runs/pretrainsport3a_A5s1/ckpt_latest.pkl
full,sport3a,A5s1,,retfm_t8,strat512,8,1,rg,,512,1.0,,,False,1.0,1.0,0.0,0.0,0.994140625,,0.0,1.0,1.0,,,0,0,,,,,,,runs/pretrainsport3a_A5s1/ckpt_latest.pkl
full,sport3a,A5s1,,strat_t256,strat512,256,16,rg,,512,0.07421875,30.351068556558367,7.630983047565963,True,0.3815789473684211,0.020642201834862386,25.0,91.0,0.0,29.360759493670887,0.0,1.0,0.09765625,,,0,2,,0.02531645569620253,,,,,runs/pretrainsport3a_A5s1/ckpt_latest.pkl
full,sport3a,A5s1,,strat_t6,strat512,6,1,rg,,512,0.013671875,31.245421913417083,1.0182792983436346,True,0.09210526315789473,0.0,3.0,3.0,0.0,35.80792079207921,0.0,1.0,0.013671875,,,0,0,,0.0,,,,,runs/pretrainsport3a_A5s1/ckpt_latest.pkl
full,sport3a,A5s1,,strat_t64,strat512,64,8,rg,,512,0.05859375,30.35642621266372,6.734882587713237,True,0.32894736842105265,0.011467889908256881,19.5,39.400000000000006,0.0,29.466804979253112,0.0,1.0,0.078125,,,0,4,,0.02074688796680498,,,,,runs/pretrainsport3a_A5s1/ckpt_latest.pkl
full,sport3a,A5s1,,val_t64,64,64,1,rg,,64,0.0625,,,False,0.13333333333333333,0.04081632653061224,35.0,47.6,0.0,31.733333333333334,0.0,1.0036134087980315,0.0625,,,0,0,,0.0,,,,,runs/pretrainsport3a_A5s1/ckpt_latest.pkl
full,sport3a,A6,,full_t6,full,6,1,rg,,422786,0.024073644822676248,30.568043850867213,2.557446971851427,True,0.16645672125247435,8.295106716547909e-06,2.0,3.0,0.0,35.47131902435241,0.0,1.0,0.024073644822676248,,,0,0,,0.0,,,,,runs/pretrainsport3a_A6/ckpt_latest.pkl
full,sport3a,A6,,full_t64,full,64,1,rg,,422786,0.11092372973561092,30.45057412152202,9.795380019997387,True,0.5516874703486184,0.036426578627934046,10.0,17.0,0.0,29.961358273320048,7.095788413050574e-06,0.9999996248935784,0.11092372973561092,,,0,0,,0.0,,,,,runs/pretrainsport3a_A6/ckpt_latest.pkl
full,sport3a,A6,,full_t64_valbest,full,64,1,rg,,422786,0.104433448600474,30.389410857696546,9.278865869896878,True,0.5194594859881885,0.034286441095064686,11.0,18.0,0.0,29.912883980001745,0.0,0.9999998144178415,0.104433448600474,,,0,0,,0.0,,,,,runs/pretrainsport3a_A6/ckpt_035000.pkl
full,sport3a,A6,,ret_t8,strat512,8,1,rg,,512,1.0,,,False,1.0,1.0,0.0,0.0,1.0,,0.0,1.0,1.0,,,0,0,,,,,,,runs/pretrainsport3a_A6/ckpt_latest.pkl
full,sport3a,A6,,retfm_t8,strat512,8,1,rg,,512,1.0,,,False,1.0,1.0,0.0,0.0,1.0,,0.0,1.0,1.0,,,0,0,,,,,,,runs/pretrainsport3a_A6/ckpt_latest.pkl
full,sport3a,A6,,strat_t256,strat512,256,16,rg,,512,0.10546875,30.37971758833206,9.42750571286024,True,0.47368421052631576,0.04128440366972477,10.0,16.0,0.0,27.26419213973799,0.0,1.0,0.23828125,,,1,10,,0.14847161572052403,,,,,runs/pretrainsport3a_A6/ckpt_latest.pkl
full,sport3a,A6,,strat_t6,strat512,6,10,rg,,512,0.015625,30.644784594482847,3.0461346197503034,True,0.10526315789473684,0.0,2.0,2.8999999999999995,0.0,34.91269841269841,0.0,1.0,0.01953125,,,0,10,,0.003968253968253968,,,,,runs/pretrainsport3a_A6/ckpt_latest.pkl
full,sport3a,A6,,strat_t64,strat512,64,16,rg,,512,0.10546875,30.37971758833206,9.42750571286024,True,0.47368421052631576,0.04128440366972477,10.0,16.0,0.0,29.019650655021834,0.0,1.0,0.234375,,,1,10,,0.14410480349344978,,,,,runs/pretrainsport3a_A6/ckpt_latest.pkl
full,sport3a,A6,,val_t64,64,64,1,rg,,64,0.078125,,,False,0.2,0.04081632653061224,9.0,16.6,0.0,32.32203389830509,0.0,1.0036134087980315,0.078125,,,0,0,,0.0,,,,,runs/pretrainsport3a_A6/ckpt_latest.pkl
full,sport3a,A6s1,,full_t6,full,6,1,rg,,422786,0.023782717497741173,30.49213030342078,2.1641876385977303,True,0.16447723591866115,2.765035572182636e-06,2.0,3.0,0.0,34.71444112509116,0.0,1.0,0.023782717497741173,,,0,0,,0.0,,,,,runs/pretrainsport3a_A6s1/ckpt_latest.pkl
full,sport3a,A6s1,,full_t64,full,64,1,rg,,422786,0.11775224345176992,30.248879369648083,9.736742300060227,True,0.5729055900011452,0.04082298518770444,11.0,22.0,0.0,23.376518088374862,0.0,1.0,0.11775224345176992,,,0,0,,0.0,,,,,runs/pretrainsport3a_A6s1/ckpt_latest.pkl
full,sport3a,A6s1,,ret_t8,strat512,8,1,rg,,512,1.0,,,False,1.0,1.0,0.0,0.0,1.0,,0.0,1.0,1.0,,,0,0,,,,,,,runs/pretrainsport3a_A6s1/ckpt_latest.pkl
full,sport3a,A6s1,,retfm_t8,strat512,8,1,rg,,512,1.0,,,False,1.0,1.0,0.0,0.0,1.0,,0.0,1.0,1.0,,,0,0,,,,,,,runs/pretrainsport3a_A6s1/ckpt_latest.pkl
full,sport3a,A6s1,,strat_t256,strat512,256,14,rg,,512,0.126953125,30.71363264686567,11.442681085670563,True,0.5526315789473685,0.052752293577981654,12.0,22.800000000000004,0.0,18.778523489932887,0.0,1.0,0.240234375,,,0,9,,0.1297539149888143,,,,,runs/pretrainsport3a_A6s1/ckpt_latest.pkl
full,sport3a,A6s1,,strat_t6,strat512,6,10,rg,,512,0.013671875,31.245421913417083,1.0182792983436346,True,0.09210526315789473,0.0,2.0,2.0,0.0,34.02376237623762,0.0,1.0,0.01953125,,,0,10,,0.005940594059405941,,,,,runs/pretrainsport3a_A6s1/ckpt_latest.pkl
full,sport3a,A6s1,,strat_t64,strat512,64,15,rg,,512,0.125,30.845975788347815,11.636971213174482,True,0.5526315789473685,0.05045871559633028,12.0,20.700000000000003,0.0,23.205357142857142,0.0,1.0,0.232421875,,,0,9,,0.12276785714285714,,,,,runs/pretrainsport3a_A6s1/ckpt_latest.pkl
full,sport3a,A6s1,,val_t64,64,64,1,rg,,64,0.109375,,,False,0.2,0.08163265306122448,11.0,18.800000000000004,0.0,25.43859649122807,0.0,1.0036134087980315,0.109375,,,0,0,,0.0,,,,,runs/pretrainsport3a_A6s1/ckpt_latest.pkl
full,sport3a,A7,,full_t6,full,6,1,rg,,422786,0.023539095428893105,30.50564241776003,1.5553457533447144,True,0.1628085788604054,0.0,2.0,3.0,0.0,32.148832218276596,0.0,0.9999987774175202,0.023539095428893105,,,0,0,,0.0,,,,,runs/pretrainsport3a_A7/ckpt_latest.pkl
full,sport3a,A7,,full_t64,full,64,1,rg,,422786,0.11179651171041614,31.816758805547934,12.911646632257419,True,0.5237947224630687,0.04216126240464083,15.0,30.0,0.0,29.727990519812526,0.0,0.9999739735048175,0.11179651171041614,,,0,0,,0.0,,,,,runs/pretrainsport3a_A7/ckpt_latest.pkl
full,sport3a,A7,,full_t64_valbest,full,64,1,rg,,422786,0.1487111682979096,30.249300219839725,11.57143062994903,True,0.6841984720336349,0.05820399879444449,16.0,31.0,0.0,31.261607666297135,0.0,0.9999951951604261,0.1487111682979096,,,0,0,,0.0,,,,,runs/pretrainsport3a_A7/ckpt_035000.pkl
full,sport3a,A7,,ret_t8,strat512,8,1,rg,,512,1.0,,,False,1.0,1.0,0.0,0.0,1.0,,0.0,1.0,1.0,,,0,0,,,,,,,runs/pretrainsport3a_A7/ckpt_latest.pkl
full,sport3a,A7,,retfm_t8,strat512,8,1,rg,,512,1.0,,,False,1.0,1.0,0.0,0.0,0.982421875,,0.0,1.0,1.0,,,0,0,,,,,,,runs/pretrainsport3a_A7/ckpt_latest.pkl
full,sport3a,A7,,strat_t256,strat512,256,16,rg,,512,0.158203125,31.65430105696383,16.005332466959185,True,0.6447368421052632,0.07339449541284404,15.0,43.2,0.0,30.132250580046403,0.0,1.0,0.208984375,,,0,8,,0.060324825986078884,,,,,runs/pretrainsport3a_A7/ckpt_latest.pkl
full,sport3a,A7,,strat_t6,strat512,6,4,rg,,512,0.013671875,31.245421913417083,1.0182792983436346,True,0.09210526315789473,0.0,2.0,3.0,0.0,32.04554455445545,0.0,1.0,0.013671875,,,0,0,,0.0,,,,,runs/pretrainsport3a_A7/ckpt_latest.pkl
full,sport3a,A7,,strat_t64,strat512,64,16,rg,,512,0.111328125,31.41837951115979,12.068086044209435,True,0.4342105263157895,0.05504587155963303,14.0,34.0,0.0,29.25934065934066,0.0,1.0,0.166015625,,,0,13,,0.06153846153846154,,,,,runs/pretrainsport3a_A7/ckpt_latest.pkl
full,sport3a,A7,,val_t64,64,64,1,rg,,64,0.03125,122.24909170206274,124.54347501691434,False,0.0,0.04081632653061224,18.0,26.799999999999997,0.0,29.177419354838708,0.0,1.0036134087980315,0.03125,,,0,0,,0.0,,,,,runs/pretrainsport3a_A7/ckpt_latest.pkl
full,sport3a,A7s1,,full_t6,full,6,1,rg,,422786,0.02348469438439305,30.658170506027105,1.652677613021985,True,0.16243231305315164,0.0,2.0,3.0,0.0,32.42103682388817,0.0,0.9999964240425542,0.02348469438439305,,,0,0,,0.0,,,,,runs/pretrainsport3a_A7s1/ckpt_latest.pkl
full,sport3a,A7s1,,full_t64,full,64,1,rg,,422786,0.20183497088361488,29.6470623474027,13.180426242915647,True,0.8856642727436321,0.08625528467423733,16.0,33.0,0.0,26.51348187747627,0.0,0.9999877094953983,0.20183497088361488,,,0,0,,0.0,,,,,runs/pretrainsport3a_A7s1/ckpt_latest.pkl
full,sport3a,A7s1,,full_t64_valbest,full,64,1,rg,,422786,0.19970386909689536,29.461186362039363,12.426487008436068,True,0.8743926579089437,0.08566909713293462,16.0,34.0,0.0,24.79124230835161,0.0,0.9999945115140549,0.19970386909689536,,,0,0,,0.0,,,,,runs/pretrainsport3a_A7s1/ckpt_035000.pkl
full,sport3a,A7s1,,ret_t8,strat512,8,1,rg,,512,0.865234375,-3.852132840430091,68.6036651092294,False,0.9736842105263158,0.8463302752293578,0.0,0.0,1.0,4.130434782608695,0.0,1.0,0.865234375,,,0,0,,0.0,,,,,runs/pretrainsport3a_A7s1/ckpt_latest.pkl
full,sport3a,A7s1,,retfm_t8,strat512,8,1,rg,,512,1.0,,,False,1.0,1.0,0.0,0.0,0.943359375,,0.0,1.0,1.0,,,0,0,,,,,,,runs/pretrainsport3a_A7s1/ckpt_latest.pkl
full,sport3a,A7s1,,strat_t256,strat512,256,15,rg,,512,0.201171875,31.710616597616518,19.85694676144163,True,0.8289473684210527,0.09174311926605505,16.0,59.0,0.0,22.74572127139364,0.0,1.0,0.2734375,,,0,5,,0.09046454767726161,,,,,runs/pretrainsport3a_A7s1/ckpt_latest.pkl
full,sport3a,A7s1,,strat_t6,strat512,6,2,rg,,512,0.013671875,31.245421913417083,1.0182792983436346,True,0.09210526315789473,0.0,3.0,3.0,0.0,32.14059405940594,0.0,1.0,0.013671875,,,0,0,,0.0,,,,,runs/pretrainsport3a_A7s1/ckpt_latest.pkl
full,sport3a,A7s1,,strat_t64,strat512,64,16,rg,,512,0.212890625,30.188475110673053,15.743914094419564,True,0.9210526315789473,0.08944954128440367,15.5,36.10000000000001,0.0,26.464019851116625,0.0,1.0,0.248046875,,,0,2,,0.04466501240694789,,,,,runs/pretrainsport3a_A7s1/ckpt_latest.pkl
full,sport3a,A7s1,,val_t64,64,64,1,rg,,64,0.109375,,,False,0.13333333333333333,0.10204081632653061,19.0,24.800000000000004,0.0,27.0,0.0,1.0036134087980315,0.109375,,,0,0,,0.0,,,,,runs/pretrainsport3a_A7s1/ckpt_latest.pkl
full,sport3a,A8,,full_t6,full,6,1,rg,,422786,0.022441613487674615,31.51430330398026,3.0804675045409664,True,0.15518510641778593,5.530071144365272e-06,2.0,3.0,0.0,31.743236115345344,0.0,0.9999324506596653,0.022441613487674615,,,0,0,,0.0,,,,,runs/pretrainsport3a_A8/ckpt_latest.pkl
full,sport3a,A8,,full_t64,full,64,1,rg,,422786,0.0002932925877394237,64.86461202604099,21.113232518745455,False,0.0014887038460909255,9.1246173882027e-05,10.0,19.0,0.0,38.55222376272293,0.0,0.9708117491771721,0.0002932925877394237,,,0,0,,0.0,,,,,runs/pretrainsport3a_A8/ckpt_latest.pkl
full,sport3a,A8,,full_t64_valbest,full,64,1,rg,,422786,0.10729305133093338,34.97587390007612,19.45494439365746,True,0.47129746265970845,0.045769633826339175,17.0,36.0,0.0,25.426329539191997,0.0,0.9993102611866367,0.10729305133093338,,,0,0,,0.0,,,,,runs/pretrainsport3a_A8/ckpt_020000.pkl
full,sport3a,A8,,ret_t8,strat512,8,1,rg,,512,0.455078125,,,False,0.5789473684210527,0.4334862385321101,0.0,0.0,0.998046875,4.942652329749104,0.0,0.9999441964285715,0.455078125,,,0,0,,0.0,,,,,runs/pretrainsport3a_A8/ckpt_latest.pkl
full,sport3a,A8,,retfm_t8,strat512,8,1,rg,,512,0.26953125,,,False,0.34210526315789475,0.25688073394495414,0.0,0.0,0.994140625,6.074866310160428,0.0,1.0,0.26953125,,,0,0,,0.0,,,,,runs/pretrainsport3a_A8/ckpt_latest.pkl
full,sport3a,A8,,strat_t256,strat512,256,1,rg,,512,0.0,,,False,0.0,0.0,10.0,19.900000000000013,0.0,39.7265625,0.0,0.9737209893387464,0.0,,,,,,0.0,,,,,runs/pretrainsport3a_A8/ckpt_latest.pkl
full,sport3a,A8,,strat_t6,strat512,6,1,rg,,512,0.013671875,31.245421913417083,1.0182792983436346,True,0.09210526315789473,0.0,2.0,2.0,0.0,31.627722772277227,0.0,0.9999248798076923,0.013671875,,,0,0,,0.0,,,,,runs/pretrainsport3a_A8/ckpt_latest.pkl
full,sport3a,A8,,strat_t64,strat512,64,15,rg,,512,0.0,,,False,0.0,0.0,10.0,15.0,0.0,38.255859375,0.0,0.9669568309730607,0.0078125,,,15,15,,0.0078125,,,,,runs/pretrainsport3a_A8/ckpt_latest.pkl
full,sport3a,A8,,val_t64,64,64,1,rg,,64,0.0,,,False,0.0,0.0,12.0,27.200000000000003,0.0,39.109375,0.0,0.9809338516653494,0.0,,,,,,0.0,,,,,runs/pretrainsport3a_A8/ckpt_latest.pkl
full,sport3a,A9,,full_t6,full,6,1,rg,,422786,0.02323634178993628,31.04348231359721,2.3757685061897025,True,0.16071457784612364,0.0,2.0,3.0,0.0,31.431078404308387,0.0,0.999988439038385,0.02323634178993628,,,0,0,,0.0,,,,,runs/pretrainsport3a_A9/ckpt_latest.pkl
full,sport3a,A9,,full_t64,full,64,1,rg,,422786,0.027910101091332257,37.202512544574624,13.796811783052227,False,0.1290591718880364,0.01081405412280629,13.0,41.0,0.0,23.762181680154555,0.0,0.9997530405326444,0.027910101091332257,,,0,0,,0.0,,,,,runs/pretrainsport3a_A9/ckpt_latest.pkl
full,sport3a,A9,,full_t64_valbest,full,64,1,rg,,422786,0.15457228952708935,29.51825562164548,9.955516091992925,True,0.6944394457441065,0.06332484467412673,17.0,35.0,0.0,27.93854826751717,0.0,1.0,0.15457228952708935,,,0,0,,0.0,,,,,runs/pretrainsport3a_A9/ckpt_015000.pkl
full,sport3a,A9,,ret_t8,strat512,8,1,rg,,512,0.103515625,34.25031437224247,17.568647357084902,True,0.14473684210526316,0.0963302752293578,0.0,1.0,0.685546875,8.437908496732026,0.0,1.0,0.103515625,,,0,0,,0.0,,,,,runs/pretrainsport3a_A9/ckpt_latest.pkl
full,sport3a,A9,,retfm_t8,strat512,8,1,rg,,512,1.0,,,False,1.0,1.0,0.0,0.0,1.0,,0.0,1.0,1.0,,,0,0,,,,,,,runs/pretrainsport3a_A9/ckpt_latest.pkl
full,sport3a,A9,,strat_t256,strat512,256,16,rg,,512,0.02734375,37.21026208080614,13.880559584157306,False,0.11842105263157894,0.011467889908256881,17.5,136.0,0.0,22.373493975903614,0.0,0.999737652138847,0.189453125,,,3,13,,0.16666666666666666,,,,,runs/pretrainsport3a_A9/ckpt_latest.pkl
full,sport3a,A9,,strat_t6,strat512,6,3,rg,,512,0.015625,31.395255564118184,3.8489108411210333,True,0.10526315789473684,0.0,2.5,3.5999999999999996,0.0,31.28968253968254,0.0,1.0,0.015625,,,0,0,,0.0,,,,,runs/pretrainsport3a_A9/ckpt_latest.pkl
full,sport3a,A9,,strat_t64,strat512,64,16,rg,,512,0.033203125,36.790656242740646,14.214376197384798,False,0.13157894736842105,0.016055045871559634,13.0,42.20000000000002,0.0,23.927272727272726,0.0,0.9997950969917881,0.189453125,,,3,12,,0.16161616161616163,,,,,runs/pretrainsport3a_A9/ckpt_latest.pkl
full,sport3a,A9,,val_t64,64,64,1,rg,,64,0.0,,,False,0.0,0.0,13.0,43.5,0.0,24.078125,0.0,1.0023614055929033,0.0,,,,,,0.0,,,,,runs/pretrainsport3a_A9/ckpt_latest.pkl
full,sport3a,A9s1,,full_t6,full,6,1,rg,,422786,0.02337589229539294,30.88477324316719,2.114630512653627,True,0.16167978143864414,0.0,2.0,3.0,0.0,31.46455705092964,0.0,0.999989027828109,0.02337589229539294,,,0,0,,0.0,,,,,runs/pretrainsport3a_A9s1/ckpt_latest.pkl
full,sport3a,A9s1,,full_t64,full,64,1,rg,,422786,0.055115353866968156,36.58549018559962,16.701717256885434,False,0.23123987763181572,0.025347081090198224,14.0,45.0,0.0,16.758325740204864,0.0,0.99997461508266,0.055115353866968156,,,0,0,,0.0,,,,,runs/pretrainsport3a_A9s1/ckpt_latest.pkl
full,sport3a,A9s1,,full_t64_valbest,full,64,1,rg,,422786,0.13180900029802312,31.408879269269413,13.396815152922857,True,0.5749995910154269,0.056901667039946466,14.0,37.0,0.0,23.500014983967155,0.0,0.999997132277754,0.13180900029802312,,,0,0,,0.0,,,,,runs/pretrainsport3a_A9s1/ckpt_030000.pkl
full,sport3a,A9s1,,ret_t8,strat512,8,1,rg,,512,1.0,,,False,1.0,1.0,0.0,0.0,0.998046875,,0.0,1.0,1.0,,,0,0,,,,,,,runs/pretrainsport3a_A9s1/ckpt_latest.pkl
full,sport3a,A9s1,,retfm_t8,strat512,8,1,rg,,512,1.0,,,False,1.0,1.0,0.0,0.0,1.0,,0.0,1.0,1.0,,,0,0,,,,,,,runs/pretrainsport3a_A9s1/ckpt_latest.pkl
full,sport3a,A9s1,,strat_t256,strat512,256,16,rg,,512,0.056640625,39.18929172549253,21.189614303535013,False,0.21052631578947367,0.02981651376146789,18.0,125.19999999999996,0.0,15.933747412008282,0.0,0.9999302455357143,0.095703125,,,0,12,,0.041407867494824016,,,,,runs/pretrainsport3a_A9s1/ckpt_latest.pkl
full,sport3a,A9s1,,strat_t6,strat512,6,1,rg,,512,0.013671875,31.245421913417083,1.0182792983436346,True,0.09210526315789473,0.0,2.0,3.0,0.0,31.26930693069307,0.0,1.0,0.013671875,,,0,0,,0.0,,,,,runs/pretrainsport3a_A9s1/ckpt_latest.pkl
full,sport3a,A9s1,,strat_t64,strat512,64,16,rg,,512,0.044921875,34.79741106616207,12.786535964478677,True,0.13157894736842105,0.02981651376146789,14.0,35.0,0.0,16.948875255623722,0.0,1.0,0.08203125,,,0,13,,0.03885480572597137,,,,,runs/pretrainsport3a_A9s1/ckpt_latest.pkl
full,sport3a,A9s1,,val_t64,64,64,1,rg,,64,0.046875,43.58173085882011,26.832217792279273,False,0.0,0.061224489795918366,15.0,30.400000000000002,0.0,16.80327868852459,0.0,1.0036134087980315,0.046875,,,0,0,,0.0,,,,,runs/pretrainsport3a_A9s1/ckpt_latest.pkl
full,sportB,B1,,full_t6,full,6,1,rg,,422786,0.027500910626179674,30.607158663436685,3.770192799767064,True,0.18878727894383823,0.00024055809477988935,2.0,5.0,0.0,28.831748788181702,0.0,0.9999949936747504,0.027500910626179674,,,0,0,,0.0,,,,,runs/pretrainsportB_B1/ckpt_latest.pkl
full,sportB,B1,,full_t64,full,64,1,rg,,422786,0.23702298562393267,29.124113110511487,13.763061044074972,True,0.7725064210577977,0.14651646993438572,10.0,25.0,0.0,5.321899335350429,0.00015374208228276245,0.9998188653039977,0.23702298562393267,,,0,0,,0.0,,,,,runs/pretrainsportB_B1/ckpt_latest.pkl
full,sportB,B1,,full_t64_valbest,full,64,1,rg,,422786,0.23640328676919292,29.19118837288609,13.97774062972594,True,0.7727190930358107,0.14575608515203547,10.0,26.0,0.0,5.236084351904051,0.0003429631066307777,0.9997574661791498,0.23640328676919292,,,0,0,,0.0,,,,,runs/pretrainsportB_B1/ckpt_045000.pkl
full,sportB,B1,,ret_t8,strat512,8,1,rg,,512,1.0,,,False,1.0,1.0,0.0,0.0,1.0,,0.0,1.0,1.0,,,0,0,,,,,,,runs/pretrainsportB_B1/ckpt_latest.pkl
full,sportB,B1,,retfm_t8,strat512,8,1,rg,,512,1.0,,,False,1.0,1.0,0.0,0.0,0.982421875,,0.0,1.0,1.0,,,0,0,,,,,,,runs/pretrainsportB_B1/ckpt_latest.pkl
full,sportB,B1,,strat_t256,strat512,256,16,rg,,512,0.2421875,29.313630881773747,14.762811857570528,True,0.75,0.1536697247706422,9.0,25.60000000000001,0.0,4.157216494845361,0.001953125,0.9992925855281494,0.380859375,,,0,10,,0.18298969072164947,,,,,runs/pretrainsportB_B1/ckpt_latest.pkl
full,sportB,B1,,strat_t6,strat512,6,16,rg,,512,0.0234375,31.082923970118507,4.983313924559353,True,0.14473684210526316,0.0022935779816513763,2.0,5.0,0.0,28.322,0.0,1.0,0.037109375,,,0,14,,0.014,,,,,runs/pretrainsportB_B1/ckpt_latest.pkl
full,sportB,B1,,strat_t64,strat512,64,16,rg,,512,0.236328125,28.809607733547537,12.356566524266775,True,0.7368421052631579,0.14908256880733944,9.0,18.0,0.0,4.928388746803069,0.0,0.999765374599359,0.357421875,,,0,10,,0.1585677749360614,,,,,runs/pretrainsportB_B1/ckpt_latest.pkl
full,sportB,B1,,val_t64,64,64,1,rg,,64,0.1875,,,False,0.2,0.1836734693877551,10.0,37.80000000000001,0.0,4.865384615384615,0.0,1.0029884087980316,0.1875,,,0,0,,0.0,,,,,runs/pretrainsportB_B1/ckpt_latest.pkl
full,sportB,B2,,full_t6,full,6,1,rg,,422786,0.030322669151769455,30.63149232062203,4.294288660999174,True,0.20740425671143684,0.0003926350512499343,2.0,5.0,0.0,29.638716381358453,0.0,0.9999991663409862,0.030322669151769455,,,0,0,,0.0,,,,,runs/pretrainsportB_B2/ckpt_latest.pkl
full,sportB,B2,,full_t64,full,64,1,rg,,422786,0.25272360011920925,28.551303687430735,12.57120179571491,True,0.9169270535115416,0.14046104203130574,9.0,18.0,0.0,29.919433559749066,0.0,0.9999868690098694,0.25272360011920925,,,0,0,,0.0,,,,,runs/pretrainsportB_B2/ckpt_latest.pkl
full,sportB,B2,,ret_t8,strat512,8,1,rg,,512,0.98046875,,,False,0.9736842105263158,0.981651376146789,0.0,0.0,1.0,3.0,0.0,1.0,0.98046875,,,0,0,,0.0,,,,,runs/pretrainsportB_B2/ckpt_latest.pkl
full,sportB,B2,,retfm_t8,strat512,8,1,rg,,512,1.0,,,False,1.0,1.0,0.0,0.0,1.0,,0.0,1.0,1.0,,,0,0,,,,,,,runs/pretrainsportB_B2/ckpt_latest.pkl
full,sportB,B2,,strat_t256,strat512,256,16,rg,,512,0.263671875,28.215049328631988,11.673189651700936,True,0.868421052631579,0.15825688073394495,9.0,21.60000000000001,0.0,29.57029177718833,0.0,0.9998851102941176,0.421875,,,0,8,,0.21485411140583555,,,,,runs/pretrainsportB_B2/ckpt_latest.pkl
full,sportB,B2,,strat_t6,strat512,6,10,rg,,512,0.021484375,30.908708154886362,4.504419266111505,True,0.14473684210526316,0.0,2.0,5.0,0.0,29.00998003992016,0.0,1.0,0.0234375,,,0,0,,0.001996007984031936,,,,,runs/pretrainsportB_B2/ckpt_latest.pkl
full,sportB,B2,,strat_t64,strat512,64,16,rg,,512,0.2578125,28.456383157835685,12.341222989610225,True,0.868421052631579,0.15137614678899083,9.0,20.0,0.0,29.326315789473686,0.0,0.9998851102941176,0.416015625,,,0,7,,0.2131578947368421,,,,,runs/pretrainsportB_B2/ckpt_latest.pkl
full,sportB,B2,,val_t64,64,64,1,rg,,64,0.1875,,,False,0.26666666666666666,0.16326530612244897,9.5,17.5,0.0,30.21153846153846,0.0,1.0036134087980315,0.1875,,,0,0,,0.0,,,,,runs/pretrainsportB_B2/ckpt_latest.pkl
full,sportB,B3,,full_t6,full,6,1,rg,,422786,0.026133788725265263,30.582485002056078,3.418580158809536,True,0.18037855612086312,6.359581816020063e-05,2.0,4.0,0.0,33.838690717618285,0.0,0.9999998608668939,0.026133788725265263,,,0,0,,0.0,,,,,runs/pretrainsportB_B3/ckpt_latest.pkl
full,sportB,B3,,full_t64,full,64,1,rg,,422786,0.19138050928838704,30.42764939833714,14.965121874197951,True,0.905197375954979,0.07073237497200402,9.0,18.0,0.0,33.78059688831818,0.0,1.0,0.19138050928838704,,,0,0,,0.0,,,,,runs/pretrainsportB_B3/ckpt_latest.pkl
full,sportB,B3,,ret_t8,strat512,8,1,rg,,512,1.0,,,False,1.0,1.0,0.0,0.0,1.0,,0.0,1.0,1.0,,,0,0,,,,,,,runs/pretrainsportB_B3/ckpt_latest.pkl
full,sportB,B3,,retfm_t8,strat512,8,1,rg,,512,1.0,,,False,1.0,1.0,0.0,0.0,1.0,,0.0,1.0,1.0,,,0,0,,,,,,,runs/pretrainsportB_B3/ckpt_latest.pkl
full,sportB,B3,,strat_t256,strat512,256,15,rg,,512,0.205078125,31.4337180611023,19.310021087789327,True,0.881578947368421,0.0871559633027523,10.0,19.200000000000017,0.0,33.47174447174447,0.0,1.0,0.248046875,,,0,2,,0.05405405405405406,,,,,runs/pretrainsportB_B3/ckpt_latest.pkl
full,sportB,B3,,strat_t6,strat512,6,6,rg,,512,0.021484375,31.10000125144682,4.736202609986639,True,0.14473684210526316,0.0,2.0,5.0,0.0,33.29740518962076,0.0,1.0,0.0234375,,,0,0,,0.001996007984031936,,,,,runs/pretrainsportB_B3/ckpt_latest.pkl
full,sportB,B3,,strat_t64,strat512,64,15,rg,,512,0.205078125,31.4337180611023,19.310021087789327,True,0.881578947368421,0.0871559633027523,10.0,19.200000000000017,0.0,33.582309582309584,0.0,1.0,0.24609375,,,0,2,,0.051597051597051594,,,,,runs/pretrainsportB_B3/ckpt_latest.pkl
full,sportB,B3,,val_t64,64,64,1,rg,,64,0.109375,,,False,0.2,0.08163265306122448,9.0,15.400000000000002,0.0,32.526315789473685,0.0,1.0036134087980315,0.109375,,,0,0,,0.0,,,,,runs/pretrainsportB_B3/ckpt_latest.pkl
full,sportB,B4,,full_t6,full,6,1,rg,,422786,0.030727129091313334,30.683877708204346,4.426816027600526,True,0.20895839808922406,0.0006027777547358146,2.0,5.0,0.0,32.556678339169586,0.0,0.9999839932113079,0.030727129091313334,,,0,0,,0.0,,,,,runs/pretrainsportB_B4/ckpt_latest.pkl
full,sportB,B4,,full_t64,full,64,1,rg,,422786,0.09971238404299101,33.65559954526913,15.917880673661111,True,0.46297053675135375,0.03831509792373479,9.0,29.0,0.0,34.620181331427716,0.0,0.9999968471689383,0.09971238404299101,,,0,0,,0.0,,,,,runs/pretrainsportB_B4/ckpt_latest.pkl
full,sportB,B4,,full_t64_valbest,full,64,1,rg,,422786,0.12469902030814643,30.999906134469867,11.923101040410577,True,0.5548939094017373,0.05198819882817792,18.0,36.0,0.0,19.433902152324592,6.149683291310498e-05,0.9999068720185472,0.12469902030814643,,,0,0,,0.0,,,,,runs/pretrainsportB_B4/ckpt_005000.pkl
full,sportB,B4,,ret_t8,strat512,8,1,rg,,512,0.88671875,,,False,0.881578947368421,0.8876146788990825,0.0,0.0,1.0,3.206896551724138,0.0,1.0,0.88671875,,,0,0,,0.0,,,,,runs/pretrainsportB_B4/ckpt_latest.pkl
full,sportB,B4,,retfm_t8,strat512,8,1,rg,,512,0.341796875,44.40656378667353,128.238432198402,False,0.3815789473684211,0.3348623853211009,0.0,0.0,1.0,4.759643916913946,0.0,1.0,0.341796875,,,0,0,,0.0,,,,,runs/pretrainsportB_B4/ckpt_latest.pkl
full,sportB,B4,,strat_t256,strat512,256,16,rg,,512,0.083984375,41.20548683245971,28.87527456795321,False,0.3026315789473684,0.045871559633027525,10.0,69.90000000000002,0.0,33.38592750533049,0.0,1.0,0.375,,,2,13,,0.31769722814498935,,,,,runs/pretrainsportB_B4/ckpt_latest.pkl
full,sportB,B4,,strat_t6,strat512,6,15,rg,,512,0.02734375,31.555823599294754,6.077218774955064,True,0.18421052631578946,0.0,3.5,5.0,0.0,32.174698795180724,0.0,1.0,0.037109375,,,0,11,,0.010040160642570281,,,,,runs/pretrainsportB_B4/ckpt_latest.pkl
full,sportB,B4,,strat_t64,strat512,64,16,rg,,512,0.103515625,32.03676243066555,12.871857991476022,True,0.4473684210526316,0.04357798165137615,9.0,26.0,0.0,34.28322440087146,0.0,1.0,0.333984375,,,3,12,,0.2570806100217865,,,,,runs/pretrainsportB_B4/ckpt_latest.pkl
full,sportB,B4,,val_t64,64,64,1,rg,,64,0.046875,,,False,0.06666666666666667,0.04081632653061224,11.0,44.6,0.0,35.295081967213115,0.0,1.0036134087980315,0.046875,,,0,0,,0.0,,,,,runs/pretrainsportB_B4/ckpt_latest.pkl
full,sportB,B4s1,,full_t64,full,64,1,rg,,422786,0.1148808144072888,30.95826058709574,11.185240873325181,True,0.5061102295221425,0.04875587224429642,8.0,27.0,0.0,29.71076864698463,3.547894206525287e-05,0.9999421119208833,0.1148808144072888,,,0,0,,0.0,,,,,runs/pretrainsportB_B4s1/ckpt_latest.pkl
full,sportB,B4s1,,ret_t8,strat512,8,1,rg,,512,0.400390625,28.282365896607036,32.37913044433488,True,0.5,0.3830275229357798,0.0,0.0,1.0,4.980456026058632,0.0,1.0,0.400390625,,,0,0,,0.0,,,,,runs/pretrainsportB_B4s1/ckpt_latest.pkl
full,sportB,B4s1,,retfm_t8,strat512,8,1,rg,,512,0.49609375,25.385426715530812,34.642547425413625,True,0.5657894736842105,0.48394495412844035,0.0,0.0,1.0,4.395348837209302,0.0,1.0,0.49609375,,,0,0,,0.0,,,,,runs/pretrainsportB_B4s1/ckpt_latest.pkl
full,sportB,B4s1,,strat_t256,strat512,256,16,rg,,512,0.130859375,31.064184108845208,12.534715087536345,True,0.5394736842105263,0.05963302752293578,9.0,74.39999999999996,0.0,28.93258426966292,0.0,0.9997346473311547,0.37890625,,,1,11,,0.2853932584269663,,,,,runs/pretrainsportB_B4s1/ckpt_latest.pkl
full,sportB,B4s1,,strat_t6,strat512,6,6,rg,,512,0.046875,31.078101318349038,7.128262096502005,True,0.2894736842105263,0.0045871559633027525,4.0,5.0,0.0,30.403688524590162,0.0,1.0,0.046875,,,0,0,,0.0,,,,,runs/pretrainsportB_B4s1/ckpt_latest.pkl
full,sportB,B4s1,,strat_t64,strat512,64,16,rg,,512,0.11328125,32.620693684386396,14.883399780515225,True,0.4605263157894737,0.052752293577981654,8.0,33.3,0.0,28.808370044052865,0.0,0.9998127723311547,0.330078125,,,2,10,,0.2444933920704846,,,,,runs/pretrainsportB_B4s1/ckpt_latest.pkl
full,sportB,B4s1,,val_t64,64,64,1,rg,,64,0.078125,54.16689901178744,51.921335813100995,False,0.06666666666666667,0.08163265306122448,7.5,29.499999999999993,0.0,31.389830508474578,0.0,1.0036134087980315,0.078125,,,0,0,,0.0,,,,,runs/pretrainsportB_B4s1/ckpt_latest.pkl
full,sportB,B5,,full_t64,full,64,1,rg,,422786,0.10609622835193218,30.390501481540486,9.378487053460418,True,0.5259214422431986,0.03513807205129694,10.0,20.0,0.0,33.076516815283256,0.0,0.9999982724484364,0.10609622835193218,,,0,0,,0.0,,,,,runs/pretrainsportB_B5/ckpt_latest.pkl
full,sportB,B5,,ret_t8,strat512,8,1,rg,,512,1.0,,,False,1.0,1.0,0.0,0.0,1.0,,0.0,1.0,1.0,,,0,0,,,,,,,runs/pretrainsportB_B5/ckpt_latest.pkl
full,sportB,B5,,retfm_t8,strat512,8,1,rg,,512,1.0,,,False,1.0,1.0,0.0,0.0,1.0,,0.0,1.0,1.0,,,0,0,,,,,,,runs/pretrainsportB_B5/ckpt_latest.pkl
full,sportB,B5,,strat_t256,strat512,256,16,rg,,512,0.119140625,30.62918203750912,10.773164156135751,True,0.5,0.052752293577981654,12.0,28.0,0.0,32.85587583148559,0.0,1.0,0.197265625,,,0,11,,0.08869179600886919,,,,,runs/pretrainsportB_B5/ckpt_latest.pkl
full,sportB,B5,,strat_t6,strat512,6,4,rg,,512,0.013671875,31.245421913417083,1.0182792983436346,True,0.09210526315789473,0.0,2.0,2.0,0.0,34.364356435643565,0.0,1.0,0.017578125,,,0,4,,0.0039603960396039604,,,,,runs/pretrainsportB_B5/ckpt_latest.pkl
full,sportB,B5,,strat_t64,strat512,64,16,rg,,512,0.1171875,30.682009922385877,10.778311537532183,True,0.5,0.05045871559633028,12.0,20.80000000000001,0.0,32.95132743362832,0.0,1.0,0.1953125,,,0,11,,0.08849557522123894,,,,,runs/pretrainsportB_B5/ckpt_latest.pkl
full,sportB,B5,,val_t64,64,64,1,rg,,64,0.09375,,,False,0.2,0.061224489795918366,11.5,38.5,0.0,34.06896551724138,0.0,1.0036134087980315,0.09375,,,0,0,,0.0,,,,,runs/pretrainsportB_B5/ckpt_latest.pkl
full,sportBr2,C1,,full_t6,full,6,1,rg,,422786,0.025428940409568907,30.558778859187164,3.1792357420924606,True,0.17569977260457736,3.0415391294008997e-05,2.0,3.0,0.0,32.288385695389955,0.0,0.9999991574063417,0.025428940409568907,,,0,0,,0.0,,,,,runs/pretrainsportBr2_C1/ckpt_latest.pkl
full,sportBr2,C1,,full_t64,full,64,1,rg,,422786,0.22717639656942282,29.929706183575597,16.054593201153732,True,0.9582672141606818,0.10360864792525556,10.0,20.0,0.0,33.31585149002721,0.0,1.0,0.22717639656942282,,,0,0,,0.0,,,,,runs/pretrainsportBr2_C1/ckpt_latest.pkl
full,sportBr2,C1,,ret_t8,strat512,8,1,rg,,512,1.0,,,False,1.0,1.0,0.0,0.0,1.0,,0.0,1.0,1.0,,,0,0,,,,,,,runs/pretrainsportBr2_C1/ckpt_latest.pkl
full,sportBr2,C1,,retfm_t8,strat512,8,1,rg,,512,1.0,,,False,1.0,1.0,0.0,0.0,1.0,,0.0,1.0,1.0,,,0,0,,,,,,,runs/pretrainsportBr2_C1/ckpt_latest.pkl
full,sportBr2,C1,,strat_t256,strat512,256,16,rg,,512,0.2421875,29.942838080576646,17.264448279597897,True,0.9473684210526315,0.11926605504587157,11.0,20.700000000000003,0.0,33.38659793814433,0.0,1.0,0.3203125,,,0,9,,0.10309278350515463,,,,,runs/pretrainsportBr2_C1/ckpt_latest.pkl
full,sportBr2,C1,,strat_t6,strat512,6,16,rg,,512,0.015625,31.395255564118184,3.8489108411210333,True,0.10526315789473684,0.0,2.0,2.8999999999999995,0.0,31.930555555555557,0.0,1.0,0.046875,,,6,15,,0.031746031746031744,,,,,runs/pretrainsportBr2_C1/ckpt_latest.pkl
full,sportBr2,C1,,strat_t64,strat512,64,16,rg,,512,0.240234375,29.94888132780247,17.116196499377402,True,0.9473684210526315,0.11697247706422019,11.0,20.0,0.0,33.33419023136247,0.0,1.0,0.318359375,,,0,9,,0.10282776349614396,,,,,runs/pretrainsportBr2_C1/ckpt_latest.pkl
full,sportBr2,C1,,val_t64,64,64,1,rg,,64,0.140625,,,False,0.26666666666666666,0.10204081632653061,11.0,16.0,0.0,32.872727272727275,0.0,1.0036134087980315,0.140625,,,0,0,,0.0,,,,,runs/pretrainsportBr2_C1/ckpt_latest.pkl
full,sportBr2,C1s1,,full_t6,full,6,1,rg,,422786,0.024206099539719857,30.835212118550235,3.0590033206779323,True,0.16729104978160222,2.212028457746109e-05,2.0,3.0,0.0,32.806727394364835,0.0,0.9999925894563301,0.024206099539719857,,,0,0,,0.0,,,,,runs/pretrainsportBr2_C1s1/ckpt_latest.pkl
full,sportBr2,C1s1,,full_t64,full,64,1,rg,,422786,0.21049892853594962,29.646263477146555,13.774487537210678,True,0.9097943625566444,0.09230518250617294,11.0,22.0,0.0,37.976371371221425,0.0,1.0,0.21049892853594962,,,0,0,,0.0,,,,,runs/pretrainsportBr2_C1s1/ckpt_latest.pkl
full,sportBr2,C1s1,,ret_t8,strat512,8,1,rg,,512,1.0,,,False,1.0,1.0,0.0,0.0,1.0,,0.0,1.0,1.0,,,0,0,,,,,,,runs/pretrainsportBr2_C1s1/ckpt_latest.pkl
full,sportBr2,C1s1,,retfm_t8,strat512,8,1,rg,,512,1.0,,,False,1.0,1.0,0.0,0.0,1.0,,0.0,1.0,1.0,,,0,0,,,,,,,runs/pretrainsportBr2_C1s1/ckpt_latest.pkl
full,sportBr2,C1s1,,strat_t256,strat512,256,16,rg,,512,0.240234375,30.07832530322503,17.62474045218687,True,0.9605263157894737,0.11467889908256881,11.5,23.0,0.0,39.11053984575835,0.0,1.0,0.353515625,,,0,11,,0.14910025706940874,,,,,runs/pretrainsportBr2_C1s1/ckpt_latest.pkl
full,sportBr2,C1s1,,strat_t6,strat512,6,15,rg,,512,0.01953125,31.29738463789985,4.663258796550403,True,0.13157894736842105,0.0,2.0,5.0,0.0,32.83665338645418,0.0,1.0,0.029296875,,,0,14,,0.0099601593625498,,,,,runs/pretrainsportBr2_C1s1/ckpt_latest.pkl
full,sportBr2,C1s1,,strat_t64,strat512,64,16,rg,,512,0.232421875,30.232679178748306,17.52400837991404,True,0.9210526315789473,0.11238532110091744,11.0,21.900000000000006,0.0,38.55979643765903,0.0,1.0,0.337890625,,,0,11,,0.13740458015267176,,,,,runs/pretrainsportBr2_C1s1/ckpt_latest.pkl
full,sportBr2,C1s1,,val_t64,64,64,1,rg,,64,0.15625,,,False,0.26666666666666666,0.12244897959183673,12.0,20.199999999999992,0.0,38.074074074074076,0.0,1.0036134087980315,0.15625,,,0,0,,0.0,,,,,runs/pretrainsportBr2_C1s1/ckpt_latest.pkl
full,sportBr2,C2,,full_t64,full,64,1,rg,,422786,0.20212589820854995,30.161398293657506,14.906460343728206,True,0.9177450226577454,0.08117314929256565,9.0,16.0,0.0,31.15703020780838,0.0,1.0,0.20212589820854995,,,0,0,,0.0,,,,,runs/pretrainsportBr2_C2/ckpt_latest.pkl
full,sportBr2,C2,,ret_t8,strat512,8,1,rg,,512,1.0,,,False,1.0,1.0,0.0,0.0,1.0,,0.0,1.0,1.0,,,0,0,,,,,,,runs/pretrainsportBr2_C2/ckpt_latest.pkl
full,sportBr2,C2,,retfm_t8,strat512,8,1,rg,,512,1.0,,,False,1.0,1.0,0.0,0.0,1.0,,0.0,1.0,1.0,,,0,0,,,,,,,runs/pretrainsportBr2_C2/ckpt_latest.pkl
full,sportBr2,C2,,strat_t256,strat512,256,16,rg,,512,0.2109375,29.696780253484125,13.895964048093813,True,0.8947368421052632,0.09174311926605505,9.0,16.0,0.0,30.59158415841584,0.0,1.0,0.265625,,,0,3,,0.06930693069306931,,,,,runs/pretrainsportBr2_C2/ckpt_latest.pkl
full,sportBr2,C2,,strat_t6,strat512,6,5,rg,,512,0.0234375,30.482264370197985,4.2441136551277845,True,0.15789473684210525,0.0,2.0,5.0,0.0,32.66,0.0,1.0,0.0234375,,,0,0,,0.0,,,,,runs/pretrainsportBr2_C2/ckpt_latest.pkl
full,sportBr2,C2,,strat_t64,strat512,64,16,rg,,512,0.20703125,29.873489831356395,14.226241886945555,True,0.868421052631579,0.09174311926605505,9.0,15.5,0.0,30.980295566502463,0.0,1.0,0.265625,,,0,3,,0.07389162561576355,,,,,runs/pretrainsportBr2_C2/ckpt_latest.pkl
full,sportBr2,C2,,val_t64,64,64,1,rg,,64,0.109375,,,False,0.2,0.08163265306122448,7.0,14.000000000000004,0.0,30.70175438596491,0.0,1.0036134087980315,0.109375,,,0,0,,0.0,,,,,runs/pretrainsportBr2_C2/ckpt_latest.pkl
full,sportBr2,C3,,full_t64,full,64,1,rg,,422786,0.22282904353502717,29.784520644505697,15.175187360529753,True,0.8833412403684133,0.11119037546418034,7.0,29.0,0.0,25.11541891246192,0.0,0.999997202731964,0.22282904353502717,,,0,0,,0.0,,,,,runs/pretrainsportBr2_C3/ckpt_latest.pkl
full,sportBr2,C3,,ret_t8,strat512,8,1,rg,,512,0.978515625,4.057234026974296,24.01978045973774,False,0.9868421052631579,0.9770642201834863,0.0,0.0,1.0,3.090909090909091,0.0,1.0,0.978515625,,,0,0,,0.0,,,,,runs/pretrainsportBr2_C3/ckpt_latest.pkl
full,sportBr2,C3,,retfm_t8,strat512,8,1,rg,,512,1.0,,,False,1.0,1.0,0.0,0.0,1.0,,0.0,1.0,1.0,,,0,0,,,,,,,runs/pretrainsportBr2_C3/ckpt_latest.pkl
full,sportBr2,C3,,strat_t256,strat512,256,16,rg,,512,0.259765625,30.138473140173577,19.761184531313134,True,0.9342105263157895,0.14220183486238533,8.0,65.80000000000007,0.0,24.229551451187334,0.0,1.0,0.57421875,,,1,11,,0.42480211081794195,,,,,runs/pretrainsportBr2_C3/ckpt_latest.pkl
full,sportBr2,C3,,strat_t6,strat512,6,16,rg,,512,0.05078125,31.39864538545698,7.929681924370836,True,0.32894736842105265,0.0022935779816513763,4.0,5.0,0.0,30.09259259259259,0.0,1.0,0.0625,,,0,6,,0.012345679012345678,,,,,runs/pretrainsportBr2_C3/ckpt_latest.pkl
full,sportBr2,C3,,strat_t64,strat512,64,16,rg,,512,0.240234375,32.22756605805801,26.014195521090205,True,0.9210526315789473,0.12155963302752294,8.0,22.60000000000001,0.0,24.946015424164525,0.0,1.0,0.478515625,,,0,10,,0.31362467866323906,,,,,runs/pretrainsportBr2_C3/ckpt_latest.pkl
full,sportBr2,C3,,val_t64,64,64,1,rg,,64,0.109375,,,False,0.13333333333333333,0.10204081632653061,6.0,23.899999999999995,0.0,21.982456140350877,0.0,1.0036134087980315,0.109375,,,0,0,,0.0,,,,,runs/pretrainsportBr2_C3/ckpt_latest.pkl
full,sportBr2,C4,,full_t64,full,64,1,rg,,422786,0.22089189329826436,29.51696835304452,14.06121591410534,True,0.918530273038101,0.10297821981479792,9.0,19.0,0.0,22.238430339166232,0.0,1.0,0.22089189329826436,,,0,0,,0.0,,,,,runs/pretrainsportBr2_C4/ckpt_latest.pkl
full,sportBr2,C4,,ret_t8,strat512,8,1,rg,,512,1.0,,,False,1.0,1.0,0.0,0.0,1.0,,0.0,1.0,1.0,,,0,0,,,,,,,runs/pretrainsportBr2_C4/ckpt_latest.pkl
full,sportBr2,C4,,retfm_t8,strat512,8,1,rg,,512,1.0,,,False,1.0,1.0,0.0,0.0,1.0,,0.0,1.0,1.0,,,0,0,,,,,,,runs/pretrainsportBr2_C4/ckpt_latest.pkl
full,sportBr2,C4,,strat_t256,strat512,256,16,rg,,512,0.2265625,29.51221590526834,14.352083858917684,True,0.8947368421052632,0.11009174311926606,8.5,17.0,0.0,20.7020202020202,0.0,1.0,0.32421875,,,0,7,,0.12626262626262627,,,,,runs/pretrainsportBr2_C4/ckpt_latest.pkl
full,sportBr2,C4,,strat_t6,strat512,6,15,rg,,512,0.025390625,30.29434395527327,4.227493428183893,True,0.17105263157894737,0.0,2.0,5.0,0.0,31.571142284569138,0.0,1.0,0.037109375,,,0,14,,0.012024048096192385,,,,,runs/pretrainsportBr2_C4/ckpt_latest.pkl
full,sportBr2,C4,,strat_t64,strat512,64,16,rg,,512,0.224609375,29.626553433752733,14.629996425181844,True,0.8947368421052632,0.10779816513761468,8.0,16.60000000000001,0.0,21.70528967254408,0.0,1.0,0.3125,,,0,6,,0.11335012594458438,,,,,runs/pretrainsportBr2_C4/ckpt_latest.pkl
full,sportBr2,C4,,val_t64,64,64,1,rg,,64,0.140625,,,False,0.26666666666666666,0.10204081632653061,7.0,20.000000000000007,0.0,21.763636363636362,0.0,1.0036134087980315,0.140625,,,0,0,,0.0,,,,,runs/pretrainsportBr2_C4/ckpt_latest.pkl
full,sportBr2b,C3X,,full_t64,full,64,1,rg,,422786,0.24594712218474596,29.814123281145385,17.220000682268736,True,0.9003386392265283,0.13534296118719566,7.0,33.0,9.610302244005575e-06,13.660517623736288,2.365262804350191e-06,0.999998449924493,0.24594712218474596,,,0,0,,0.0,,,,,runs/pretrainsportBr2b_C3X/ckpt_latest.pkl
full,sportBr2b,C3X,,ret_t8,strat512,8,1,rg,,512,0.9921875,,,False,1.0,0.9908256880733946,0.0,0.0,1.0,3.25,0.0,1.0,0.9921875,,,0,0,,0.0,,,,,runs/pretrainsportBr2b_C3X/ckpt_latest.pkl
full,sportBr2b,C3X,,retfm_t8,strat512,8,1,rg,,512,1.0,,,False,1.0,1.0,0.0,0.0,1.0,,0.0,1.0,1.0,,,0,0,,,,,,,runs/pretrainsportBr2b_C3X/ckpt_latest.pkl
full,sportBr2b,C3X,,strat_t256,strat512,256,16,rg,,512,0.2734375,29.860731410111548,19.98138076735081,True,0.9078947368421053,0.1628440366972477,8.0,89.70000000000007,0.0,12.879032258064516,0.0,1.0,0.705078125,,,1,11,,0.5940860215053764,,,,,runs/pretrainsportBr2b_C3X/ckpt_latest.pkl
full,sportBr2b,C3X,,strat_t6,strat512,6,16,rg,,512,0.05859375,31.227500880936198,8.208427176470641,True,0.3815789473684211,0.0022935779816513763,4.5,5.0,0.0,27.236514522821576,0.0,1.0,0.080078125,,,0,9,,0.022821576763485476,,,,,runs/pretrainsportBr2b_C3X/ckpt_latest.pkl
full,sportBr2b,C3X,,strat_t64,strat512,64,16,rg,,512,0.236328125,30.0890884489857,17.319300531953797,True,0.881578947368421,0.12385321100917432,7.0,25.0,0.0,13.867007672634271,0.0,1.0,0.587890625,,,2,12,,0.46035805626598464,,,,,runs/pretrainsportBr2b_C3X/ckpt_latest.pkl
full,sportBr2b,C3X,,val_t64,64,64,1,rg,,64,0.171875,,,False,0.13333333333333333,0.1836734693877551,7.0,50.0,0.0,13.245283018867925,0.0,1.0036134087980315,0.171875,,,0,0,,0.0,,,,,runs/pretrainsportBr2b_C3X/ckpt_latest.pkl
full,sportBr2b,D1,,full_t64,full,64,1,rg,,422786,0.13159849190843595,30.489040090308816,11.130391621382909,True,0.6766731558885599,0.03947088279290713,10.0,24.0,0.0,37.796128536720886,0.0,0.9999995843130891,0.13159849190843595,,,0,0,,0.0,,,,,runs/pretrainsportBr2b_D1/ckpt_latest.pkl
full,sportBr2b,D1,,ret_t8,strat512,8,1,rg,,512,0.49609375,25.47434610022265,59.29318811634922,True,0.5921052631578947,0.4793577981651376,0.0,0.0,1.0,4.333333333333333,0.0,1.0,0.49609375,,,0,0,,0.0,,,,,runs/pretrainsportBr2b_D1/ckpt_latest.pkl
full,sportBr2b,D1,,retfm_t8,strat512,8,1,rg,,512,0.884765625,,,False,0.9210526315789473,0.8784403669724771,0.0,0.0,1.0,3.610169491525424,0.0,1.0,0.884765625,,,0,0,,0.0,,,,,runs/pretrainsportBr2b_D1/ckpt_latest.pkl
full,sportBr2b,D1,,strat_t256,strat512,256,15,rg,,512,0.150390625,30.917334894607677,13.460309010723396,True,0.6447368421052632,0.06422018348623854,10.0,26.5,0.0,37.65287356321839,0.0,1.0,0.25390625,,,0,5,,0.12183908045977011,,,,,runs/pretrainsportBr2b_D1/ckpt_latest.pkl
full,sportBr2b,D1,,strat_t6,strat512,6,1,rg,,512,0.021484375,31.10000125144682,4.736202609986639,True,0.14473684210526316,0.0,2.0,5.0,0.0,34.604790419161674,0.0,1.0,0.021484375,,,0,0,,0.0,,,,,runs/pretrainsportBr2b_D1/ckpt_latest.pkl
full,sportBr2b,D1,,strat_t64,strat512,64,14,rg,,512,0.150390625,31.075536329427578,13.878369637087735,True,0.6842105263157895,0.05733944954128441,10.0,24.700000000000003,0.0,38.05977011494253,0.0,1.0,0.24609375,,,0,7,,0.11264367816091954,,,,,runs/pretrainsportBr2b_D1/ckpt_latest.pkl
full,sportBr2b,D1,,val_t64,64,64,1,rg,,64,0.078125,91.216996603857,118.0375724866803,False,0.06666666666666667,0.08163265306122448,11.0,26.000000000000007,0.0,38.101694915254235,0.0,1.0036134087980315,0.078125,,,0,0,,0.0,,,,,runs/pretrainsportBr2b_D1/ckpt_latest.pkl
full,sportBr2b,D2,,full_t64,full,64,1,rg,,422786,0.25360111261962315,29.253750817237083,15.581583760803314,True,0.9083383774764016,0.14293851390398138,7.0,27.0,1.8653410309739878e-05,13.965493857088985,7.095788413050574e-06,0.9999981787309703,0.25360111261962315,,,0,0,,0.0,,,,,runs/pretrainsportBr2b_D2/ckpt_latest.pkl
full,sportBr2b,D2,,ret_t8,strat512,8,1,rg,,512,1.0,,,False,1.0,1.0,0.0,0.0,1.0,,0.0,1.0,1.0,,,0,0,,,,,,,runs/pretrainsportBr2b_D2/ckpt_latest.pkl
full,sportBr2b,D2,,retfm_t8,strat512,8,1,rg,,512,1.0,,,False,1.0,1.0,0.0,0.0,1.0,,0.0,1.0,1.0,,,0,0,,,,,,,runs/pretrainsportBr2b_D2/ckpt_latest.pkl
full,sportBr2b,D2,,strat_t256,strat512,256,16,rg,,512,0.275390625,31.33442743566735,27.02353173362152,True,0.9342105263157895,0.16055045871559634,8.0,29.0,0.0,12.921832884097036,0.0,1.0,0.392578125,,,0,11,,0.16172506738544473,,,,,runs/pretrainsportBr2b_D2/ckpt_latest.pkl
full,sportBr2b,D2,,strat_t6,strat512,6,16,rg,,512,0.0703125,30.785484099084865,8.197338983029006,True,0.42105263157894735,0.009174311926605505,4.0,5.0,0.0,28.15546218487395,0.0,1.0,0.125,,,0,13,,0.058823529411764705,,,,,runs/pretrainsportBr2b_D2/ckpt_latest.pkl
full,sportBr2b,D2,,strat_t64,strat512,64,16,rg,,512,0.259765625,31.405366480889363,25.191556083499542,True,0.9342105263157895,0.14220183486238533,7.0,18.799999999999997,0.0,14.765171503957784,0.0,1.0,0.376953125,,,0,11,,0.158311345646438,,,,,runs/pretrainsportBr2b_D2/ckpt_latest.pkl
full,sportBr2b,D2,,val_t64,64,64,1,rg,,64,0.234375,,,False,0.4,0.1836734693877551,8.0,33.199999999999996,0.0,14.306122448979592,0.0,1.0036134087980315,0.234375,,,0,0,,0.0,,,,,runs/pretrainsportBr2b_D2/ckpt_latest.pkl
full,sportBr2b,D3,,full_t64,full,64,1,rg,,422786,0.2953740190072519,27.599902691328705,11.114023477504123,True,0.9061952983133477,0.19213402680425484,9.0,16.0,0.0,27.248434069807253,0.0,1.0,0.2953740190072519,,,0,0,,0.0,,,,,runs/pretrainsportBr2b_D3/ckpt_latest.pkl
full,sportBr2b,D3,,full_t64_valbest,full,64,1,rg,,422786,0.30360986409199925,27.433935871710837,10.80926951802648,True,0.91358973939503,0.20051208458796824,9.0,18.0,0.0,25.08548216178029,0.0,0.9999996822929216,0.30360986409199925,,,0,0,,0.0,,,,,runs/pretrainsportBr2b_D3/ckpt_040000.pkl
full,sportBr2b,D3,,ret_t8,strat512,8,1,rg,,512,1.0,,,False,1.0,1.0,0.0,0.0,1.0,,0.0,1.0,1.0,,,0,0,,,,,,,runs/pretrainsportBr2b_D3/ckpt_latest.pkl
full,sportBr2b,D3,,retfm_t8,strat512,8,1,rg,,512,1.0,,,False,1.0,1.0,0.0,0.0,1.0,,0.0,1.0,1.0,,,0,0,,,,,,,runs/pretrainsportBr2b_D3/ckpt_latest.pkl
full,sportBr2b,D3,,strat_t256,strat512,256,16,rg,,512,0.296875,28.039405401345896,13.260075842210767,True,0.881578947368421,0.19495412844036697,9.0,15.0,0.0,27.669444444444444,0.0,1.0,0.546875,,,0,10,,0.35555555555555557,,,,,runs/pretrainsportBr2b_D3/ckpt_latest.pkl
full,sportBr2b,D3,,strat_t6,strat512,6,16,rg,,512,0.0234375,31.379676982829277,5.361507337022445,True,0.15789473684210525,0.0,2.0,5.0,0.0,25.098,0.0,1.0,0.0390625,,,0,16,,0.016,,,,,runs/pretrainsportBr2b_D3/ckpt_latest.pkl
full,sportBr2b,D3,,strat_t64,strat512,64,16,rg,,512,0.294921875,28.118520130091767,13.516034757215301,True,0.868421052631579,0.19495412844036697,9.0,14.900000000000006,0.0,27.590027700831026,0.0,1.0,0.54296875,,,0,10,,0.3518005540166205,,,,,runs/pretrainsportBr2b_D3/ckpt_latest.pkl
full,sportBr2b,D3,,val_t64,64,64,1,rg,,64,0.21875,53.45664650872163,98.55328647684048,False,0.26666666666666666,0.20408163265306123,9.0,15.599999999999998,0.0,27.48,0.0,1.0036134087980315,0.21875,,,0,0,,0.0,,,,,runs/pretrainsportBr2b_D3/ckpt_latest.pkl
full,sportBr2b,D4,,full_t64,full,64,1,rg,,422786,0.3353493256635745,27.282140955003563,12.453116947189493,True,0.9346279058353919,0.23406026118526016,8.0,16.0,0.0,25.664183911318304,0.0,0.9999999090283536,0.3353493256635745,,,0,0,,0.0,,,,,runs/pretrainsportBr2b_D4/ckpt_latest.pkl
full,sportBr2b,D4,,ret_t8,strat512,8,1,rg,,512,1.0,,,False,1.0,1.0,0.0,0.0,1.0,,0.0,1.0,1.0,,,0,0,,,,,,,runs/pretrainsportBr2b_D4/ckpt_latest.pkl
full,sportBr2b,D4,,retfm_t8,strat512,8,1,rg,,512,1.0,,,False,1.0,1.0,0.0,0.0,1.0,,0.0,1.0,1.0,,,0,0,,,,,,,runs/pretrainsportBr2b_D4/ckpt_latest.pkl
full,sportBr2b,D4,,strat_t256,strat512,256,16,rg,,512,0.3515625,27.723820163202763,16.90319529032673,True,0.8947368421052632,0.25688073394495414,9.0,19.0,0.0,25.3855421686747,0.0,1.0,0.513671875,,,0,9,,0.25,,,,,runs/pretrainsportBr2b_D4/ckpt_latest.pkl
full,sportBr2b,D4,,strat_t6,strat512,6,16,rg,,512,0.0390625,31.00097459341383,6.4081656758653045,True,0.25,0.0022935779816513763,4.5,5.0,0.0,23.847560975609756,0.0,1.0,0.056640625,,,0,13,,0.018292682926829267,,,,,runs/pretrainsportBr2b_D4/ckpt_latest.pkl
full,sportBr2b,D4,,strat_t64,strat512,64,16,rg,,512,0.345703125,27.849906727696258,17.059798801362916,True,0.881578947368421,0.25229357798165136,8.0,18.0,0.0,25.402985074626866,0.0,1.0,0.513671875,,,0,9,,0.25671641791044775,,,,,runs/pretrainsportBr2b_D4/ckpt_latest.pkl
full,sportBr2b,D4,,val_t64,64,64,1,rg,,64,0.28125,,,False,0.3333333333333333,0.2653061224489796,8.0,19.700000000000006,0.0,24.02173913043478,0.0,1.0036134087980315,0.28125,,,0,0,,0.0,,,,,runs/pretrainsportBr2b_D4/ckpt_latest.pkl
full,sportC0,P1,,full_t64,full,64,1,rg,,422786,0.19382146050247642,28.656305576417783,9.467436619775814,True,0.4931372388633501,0.14323160767463272,8.0,24.0,0.0,8.165050566099735,0.0009035303912617731,0.9999375981219563,0.19382146050247642,,,0,0,,0.0,,,,,runs/pretrainsportC0_P1/ckpt_latest.pkl
full,sportC0,P1,,retfm_t8,strat512,8,1,rg,,512,1.0,,,False,1.0,1.0,0.0,0.0,1.0,,0.0,1.0,1.0,,,0,0,,,,,,,runs/pretrainsportC0_P1/ckpt_020000.pkl
full,sportC0,P2,,full_t64,full,64,1,rg,,422786,0.15619249454806924,46.78950418320926,55.91471617809213,False,0.3113517758110164,0.12996773203487264,9.0,25.0,0.0,62.3728128941836,0.00010643682619575861,0.8040380390782665,0.15619249454806924,,,0,0,,0.0,,,,,runs/pretrainsportC0_P2/ckpt_latest.pkl
full,sportC0,P2,,retfm_t8,strat512,8,1,rg,,512,1.0,,,False,1.0,1.0,0.0,0.0,1.0,,0.0,1.0,1.0,,,0,0,,,,,,,runs/pretrainsportC0_P2/ckpt_030000.pkl
full,sportC0,P2s1,,full_t64,full,64,1,rg,,422786,0.3622068848069709,26.827149174470403,11.748076216727291,True,0.8728875946799287,0.27589248435681124,9.0,24.0,0.0,23.476521416651213,5.913157010875478e-05,0.993749076526737,0.3622068848069709,,,0,0,,0.0,,,,,runs/pretrainsportC0_P2s1/ckpt_latest.pkl
full,sportC0,P2s1,,retfm_t8,strat512,8,1,rg,,512,1.0,,,False,1.0,1.0,0.0,0.0,1.0,,0.0,1.0,1.0,,,0,0,,,,,,,runs/pretrainsportC0_P2s1/ckpt_020000.pkl
full,sportC0,P3,,full_t64,full,64,1,rg,,422786,0.2769864659662335,27.65891985923995,10.191023963561396,True,0.9096307687274036,0.17005798279594866,11.0,21.0,0.0,27.02541873855012,3.074841645655249e-05,0.99999815741407,0.2769864659662335,,,0,0,,0.0,,,,,runs/pretrainsportC0_P3/ckpt_latest.pkl
full,sportC0,P3,,retfm_t8,strat512,8,1,rg,,512,1.0,,,False,1.0,1.0,0.0,0.0,1.0,,0.0,1.0,1.0,,,0,0,,,,,,,runs/pretrainsportC0_P3/ckpt_010000.pkl
full,sportC0,P3s1,,full_t64,full,64,1,rg,,422786,0.3734702662812865,26.56846534639843,10.736899268196563,True,0.846287238045381,0.29355553159191394,9.0,20.0,0.0,29.435425538340734,0.0004470346700221862,0.9999086635686117,0.3734702662812865,,,0,0,,0.0,,,,,runs/pretrainsportC0_P3s1/ckpt_latest.pkl
full,sportC0,P3s1,,retfm_t8,strat512,8,1,rg,,512,1.0,,,False,1.0,1.0,0.0,0.0,1.0,,0.0,1.0,1.0,,,0,0,,,,,,,runs/pretrainsportC0_P3s1/ckpt_010000.pkl
full,sportC0,P5,,full_t64,full,64,1,rg,,422786,0.2809104369586505,27.808388357290973,11.163386708396617,True,0.6806321265561863,0.2133501447496122,9.0,30.0,0.0,9.550044240364974,0.0005605672846309953,0.9914711191347074,0.2809104369586505,,,0,0,,0.0,,,,,runs/pretrainsportC0_P5/ckpt_latest.pkl
full,sportC0,P5,,retfm_t8,strat512,8,1,rg,,512,1.0,,,False,1.0,1.0,0.0,0.0,1.0,,0.0,1.0,1.0,,,0,0,,,,,,,runs/pretrainsportC0_P5/ckpt_020000.pkl
full,sportC0,P6,,full_t64,full,64,1,rg,,422786,0.33400349112789923,26.62956362407603,8.010150357612979,True,0.9314705449310452,0.2330206078101195,11.0,19.0,0.0,28.023006385532756,5.676630730440459e-05,0.9999885501781892,0.33400349112789923,,,0,0,,0.0,,,,,runs/pretrainsportC0_P6/ckpt_latest.pkl
full,sportC0,P6,,retfm_t8,strat512,8,1,rg,,512,1.0,,,False,1.0,1.0,0.0,0.0,1.0,,0.0,1.0,1.0,,,0,0,,,,,,,runs/pretrainsportC0_P6/ckpt_010000.pkl
full,sportC1,A0,,full_final_t64,full,64,1,rg,False,422786,0.399308397156008,26.368679562723877,11.79742284266249,True,0.8701228589657598,0.31973212335376694,9.0,22.0,0.0,22.82315997542959,8.041893534790651e-05,0.9999851974591263,0.399308397156008,,,0,0,,0.0,,,,,runs/pretrainsportC1_A0/ckpt_latest.pkl
full,sportC1,A0,,full_vsel_t64,full,64,1,rg,False,422786,0.399308397156008,26.368679562723877,11.79742284266249,True,0.8701228589657598,0.31973212335376694,9.0,22.0,0.0,22.82315997542959,8.041893534790651e-05,0.9999851974591263,0.399308397156008,,,0,0,,0.0,,,,,runs/pretrainsportC1_A0/ckpt_030000.pkl
full,sportC1,A0,,full_vsel_t64_alt,full,64,1,rg,True,422786,0.4203592361147247,26.05143119087579,10.962454762227798,True,0.895512621263926,0.340049604738165,9.0,20.0,0.0,25.799387098880292,3.311367926090268e-05,0.9999885768489277,0.4203592361147247,,,0,0,,0.0,,,,,runs/pretrainsportC1_A0/ckpt_030000.pkl
full,sportC1,A0,,retfm_t8,strat512,8,1,rg,False,512,1.0,,,False,1.0,1.0,0.0,0.0,1.0,,0.0,1.0,1.0,,,0,0,,,,,,,runs/pretrainsportC1_A0/ckpt_030000.pkl
full,sportC1,A1,,full_vsel_t64,full,64,1,rg,False,422786,0.22689493029570515,29.10718939256452,12.98464529103056,True,0.9139169270535116,0.11077562012835294,11.0,27.0,0.0,31.531028764784708,3.547894206525287e-05,0.9999957721155296,0.22689493029570515,,,0,0,,0.0,,,,,runs/pretrainsportC1_A1/ckpt_latest.pkl
full,sportC1,A1,,full_vsel_t64_alt,full,64,1,rg,True,422786,0.22132946691706915,30.381033122226157,17.20989369166159,True,0.9770150669916731,0.09360474922509879,11.0,20.0,0.0,36.67959150818168,4.730525608700382e-06,0.9999994379022513,0.22132946691706915,,,0,0,,0.0,,,,,runs/pretrainsportC1_A1/ckpt_latest.pkl
full,sportC1,A1,,retfm_t8,strat512,8,1,rg,False,512,1.0,,,False,1.0,1.0,0.0,0.0,1.0,,0.0,1.0,1.0,,,0,0,,,,,,,runs/pretrainsportC1_A1/ckpt_latest.pkl
full,sportC1,B0,,full_final_t64,full,64,1,rg,False,422786,0.233978892394734,28.10584220576618,9.62691089837064,True,0.6051826525103473,0.17123865298527066,9.0,23.0,0.0,46.86686963314735,9.461051217400765e-06,0.9422958964756706,0.233978892394734,,,0,0,,0.0,,,,,runs/pretrainsportC1_B0/ckpt_latest.pkl
full,sportC1,B0,,full_vselA20k_t64_ema,full,64,1,rg,True,422786,0.45419195526814987,25.72847715143669,12.309227468044742,True,0.9398792677540203,0.3721018970909061,9.0,22.0,0.0,19.590002600104004,1.655683963045134e-05,0.9999991105253097,0.45419195526814987,,,0,0,,0.0,,,,,runs/pretrainsportC1_B0a/ckpt_020000.pkl
full,sportC1,B0,,full_vsel_t64,full,64,1,rg,False,422786,0.4283136149257544,26.105171720181204,13.15629489764206,True,0.8960361215174963,0.34925993822910534,10.0,24.0,0.0,12.61746124343714,4.2574730478303445e-05,0.999996610999058,0.4283136149257544,,,0,0,,0.0,,,,,runs/pretrainsportC1_B0a/ckpt_020000.pkl
full,sportC1,B0,,full_vsel_t64_alt,full,64,1,rg,True,422786,0.2628256375565889,27.78502949666682,9.916766730020134,True,0.6488622049176305,0.19757838184588244,9.0,22.0,0.0,30.732271944094176,2.3652628043501912e-05,0.9606836613549853,0.2628256375565889,,,0,0,,0.0,,,,,runs/pretrainsportC1_B0/ckpt_020000.pkl
full,sportC1,B0,,retfm_t8,strat512,8,1,rg,False,512,1.0,,,False,1.0,1.0,0.0,0.0,1.0,,0.0,1.0,1.0,,,0,0,,,,,,,runs/pretrainsportC1_B0a/ckpt_020000.pkl
full,sportC1,B1,,full_final_t64,full,64,1,rg,False,422786,0.2494311542955538,28.03288797994253,10.199751015008639,True,0.5872200500597118,0.19233863943659635,9.0,22.0,0.0,49.66320234456244,0.007405637840420449,0.8933004261564416,0.2494311542955538,,,0,0,,0.0,,,,,runs/pretrainsportC1_B1/ckpt_latest.pkl
full,sportC1,B1,,full_vsel_t64,full,64,1,rg,False,422786,0.4271120614211445,26.069198625682223,12.378934485346981,True,0.8922571040620347,0.34849402337561075,10.0,23.0,0.0,11.455569363648749,8.751472376095708e-05,0.9999954408118693,0.4271120614211445,,,0,0,,0.0,,,,,runs/pretrainsportC1_B1a/ckpt_020000.pkl
full,sportC1,B1,,full_vsel_t64_alt,full,64,1,rg,True,422786,0.45653829597006523,25.67964677957883,11.820632788159067,True,0.9310288415920951,0.3763406966230621,10.0,22.0,0.0,15.985611573413182,1.1826314021750956e-05,0.9999995177711688,0.45653829597006523,,,0,0,,0.0,,,,,runs/pretrainsportC1_B1a/ckpt_020000.pkl
full,sportC1,B1,,retfm_t8,strat512,8,1,rg,False,512,1.0,,,False,1.0,1.0,0.0,0.0,1.0,,0.0,1.0,1.0,,,0,0,,,,,,,runs/pretrainsportC1_B1a/ckpt_020000.pkl
full,sportC1,R0,,full_final_t64,full,64,1,rg,True,422786,0.3733141589361994,27.120942035386314,15.49966967449074,True,0.9077494396911349,0.2829848005994597,12.0,32.0,0.0,12.919661526151708,4.730525608700382e-06,0.9999995648763583,0.3733141589361994,,,0,0,,0.0,,,,,runs/pretrainsportC1_R0/ckpt_latest.pkl
full,sportC1,R0,,full_vsel_t64,full,64,1,rg,True,422786,0.3733141589361994,27.120942035386314,15.49966967449074,True,0.9077494396911349,0.2829848005994597,12.0,32.0,0.0,12.919661526151708,4.730525608700382e-06,0.9999995648763583,0.3733141589361994,,,0,0,,0.0,,,,,runs/pretrainsportC1_R0/ckpt_050000.pkl
full,sportC1,R0,,full_vsel_t64_alt,full,64,1,rg,False,422786,0.3461278282629983,27.495659285768,15.010632335196853,True,0.8783516285765701,0.2561722506560047,12.0,33.0,0.0,13.312944929968747,1.655683963045134e-05,0.9999985843334528,0.3461278282629983,,,0,0,,0.0,,,,,runs/pretrainsportC1_R0/ckpt_050000.pkl
full,sportC1,R0,,retfm_t8,strat512,8,1,rg,True,512,1.0,,,False,1.0,1.0,0.0,0.0,1.0,,0.0,1.0,1.0,,,0,0,,,,,,,runs/pretrainsportC1_R0/ckpt_050000.pkl
full,sportC1,X0,,full_final_t16,full,16,1,trm,True,422786,0.8602768303586211,16.958638783629958,19.164601708593608,False,0.9988548431953147,0.8368546061345079,1.0,6.0,0.24551225829156506,33.977570125099454,0.00012062840302185975,0.9999929119245102,0.8602768303586211,,,0,0,,0.0,,,,,runs/pretrainsportC1_X0/ckpt_latest.pkl
full,sportC1,X0,,full_vsel_t16,full,16,1,trm,True,422786,0.8602768303586211,16.958638783629958,19.164601708593608,False,0.9988548431953147,0.8368546061345079,1.0,6.0,0.24551225829156506,33.977570125099454,0.00012062840302185975,0.9999929119245102,0.8602768303586211,,,0,0,,0.0,,,,,runs/pretrainsportC1_X0/ckpt_050000.pkl
full,sportC1,X0,,full_vsel_t16_alt,full,16,1,trm,False,422786,0.8081109592086777,19.090655770183535,17.815082860593645,True,0.9878449784874115,0.7777326155300988,1.0,7.0,0.18213428554703506,30.039086382013608,0.00047305256087003825,0.9999683925098845,0.8081109592086777,,,0,0,,0.0,,,,,runs/pretrainsportC1_X0/ckpt_050000.pkl
full,sportC1,X0,,full_vsel_t64,full,64,1,trm,True,422786,0.9280794539081237,10.305644995064409,25.07202851743505,False,0.9992638277684166,0.9160479899573908,1.0,11.0,0.22757588963731495,33.181866017693295,0.0001088020890001088,0.9999932000013901,0.9280794539081237,,,0,0,,0.0,,,,,runs/pretrainsportC1_X0/ckpt_050000.pkl
full,sportC1,X0n,,full_final_t16,full,16,1,trm,True,422786,0.6418471756396853,23.17492673507585,14.04214061863566,True,0.9817102098908829,0.5844040933586611,1.0,4.0,0.19040583063737593,12.023721784152897,0.0028170279999810777,0.9998789288333761,0.6418471756396853,,,0,0,,0.0,,,,,runs/pretrainsportC1_X0n/ckpt_latest.pkl
full,sportC1,X0n,,full_vsel_t16,full,16,1,trm,True,422786,0.7207736301580469,21.588967451452632,15.711887122040489,True,0.9944705285716623,0.674513837620521,1.0,4.0,0.13578148431321718,16.095033586609404,0.0013765829521318114,0.9999420835782568,0.7207736301580469,,,0,0,,0.0,,,,,runs/pretrainsportC1_X0n/ckpt_030000.pkl
full,sportC1,X0n,,full_vsel_t16_alt,full,16,1,trm,False,422786,0.630025592143543,23.364988027197985,13.90411498366319,True,0.965170873754642,0.5733798965323689,1.0,4.0,0.10044299282952285,12.477042577675489,0.0023037659714370863,0.9998988121443418,0.630025592143543,,,0,0,,0.0,,,,,runs/pretrainsportC1_X0n/ckpt_030000.pkl
full,sportC1,X0n,,full_vsel_t64,full,64,1,trm,True,422786,0.7669482906245713,20.26712944231626,17.285339508636497,True,0.9961719043957662,0.7282052983611634,1.0,8.0,0.12760819820764435,16.01703017324497,0.001866192352632301,0.9999226928028946,0.7669482906245713,,,0,0,,0.0,,,,,runs/pretrainsportC1_X0n/ckpt_030000.pkl
full,sportC2,R1,,full_final_t64,full,64,1,rg,False,422786,0.38412814047768845,26.586068565302593,12.076391763371026,True,0.9449997546092561,0.28933055723761886,15.0,36.0,0.0,18.870743753408455,0.0,0.9999876991412654,0.38412814047768845,,,0,0,,0.0,,,,,runs/pretrainsportC2_R1/ckpt_latest.pkl
full,sportC2,R1,,full_vsel_t64,full,64,1,rg,False,422786,0.3756179249076365,26.674122228031052,11.893127767122756,True,0.9544227591735239,0.27778929875932856,15.0,35.0,0.0,22.778354420789455,7.095788413050574e-06,0.9999811785137477,0.3756179249076365,,,0,0,,0.0,,,,,runs/pretrainsportC2_R1/ckpt_010000.pkl
full,sportC2,R1,,full_vsel_t64_alt,full,64,1,rg,True,422786,0.3821909902409257,26.61820227832632,12.145857794693999,True,0.9566639946341224,0.2850945227410351,15.0,34.0,0.0,21.726899973583564,0.0,0.9999855783184214,0.3821909902409257,,,0,0,,0.0,,,,,runs/pretrainsportC2_R1/ckpt_010000.pkl
full,sportC2,R1,,retfm_t8,strat512,8,1,rg,False,512,1.0,,,False,1.0,1.0,0.0,0.0,1.0,,0.0,1.0,1.0,,,0,0,,,,,,,runs/pretrainsportC2_R1/ckpt_010000.pkl
full,sportC2,R2,,full_final_t64,full,64,1,rg,False,422786,0.3059822226847625,27.339157459949575,10.453081365762062,True,0.8347865918497555,0.21660459161807116,10.0,20.0,3.0527593128238786e-05,32.87867944012187,2.6017890847852106e-05,0.9999838900287574,0.3059822226847625,,,0,0,,0.0,,,,,runs/pretrainsportC2_R2/ckpt_latest.pkl
full,sportC2,R2,,full_vsel_t64,full,64,1,rg,False,422786,0.34034712596916644,27.06117100436945,11.41804089772085,True,0.8656240286616389,0.2515657013927484,9.0,20.0,0.0003388470900641735,23.70606901596317,1.892210243480153e-05,0.9999876664546365,0.34034712596916644,,,0,0,,0.0,,,,,runs/pretrainsportC2_R2a/ckpt_040000.pkl
full,sportC2,R2,,full_vsel_t64_alt,full,64,1,rg,True,422786,0.3937192811493285,26.387270157136875,11.275941488380026,True,0.9018927806043157,0.3078286452155207,9.0,19.0,0.000636212494973321,20.142809770332427,2.6017890847852106e-05,0.9999896095396336,0.3937192811493285,,,0,0,,0.0,,,,,runs/pretrainsportC2_R2a/ckpt_040000.pkl
full,sportC2,R2,,retfm_t8,strat512,8,1,rg,False,512,1.0,,,False,1.0,1.0,0.0,0.0,1.0,,0.0,1.0,1.0,,,0,0,,,,,,,runs/pretrainsportC2_R2a/ckpt_040000.pkl
full,sportC2,R3,,full_final_t64,full,64,1,rg,False,422786,0.2177697463965221,28.760350454508988,11.140290270567451,True,0.8349992638277685,0.11344664449108138,13.0,24.0,0.0,23.07739873486617,0.0,0.9999999014473832,0.2177697463965221,,,0,0,,0.0,,,,,runs/pretrainsportC2_R3/ckpt_latest.pkl
full,sportC2,R3,,full_vsel_t64,full,64,1,rg,False,422786,0.43569560013813136,25.90155872141199,11.361280086947042,True,0.8911283066402735,0.3587191249215421,13.0,30.0,0.0,14.02873250062872,0.00010643682619575861,0.999994602824979,0.43569560013813136,,,0,0,,0.0,,,,,runs/pretrainsportC2_R3a/ckpt_040000.pkl
full,sportC2,R3,,full_vsel_t64_alt,full,64,1,rg,True,422786,0.4465450606216857,25.696425003293566,9.742652029687193,True,0.9294747002143079,0.3649210997099478,13.0,27.0,0.0,20.91594620351891,2.6017890847852106e-05,0.9999986510739574,0.4465450606216857,,,0,0,,0.0,,,,,runs/pretrainsportC2_R3a/ckpt_040000.pkl
full,sportC2,R3,,retfm_t8,strat512,8,1,rg,False,512,1.0,,,False,1.0,1.0,0.0,0.0,1.0,,0.0,1.0,1.0,,,0,0,,,,,,,runs/pretrainsportC2_R3a/ckpt_040000.pkl
full,sportC2,R4,,full_final_t64,full,64,1,rg,True,422786,0.3218413097879305,27.612467728731538,13.304298449103621,True,0.7986650743533954,0.241249353672935,12.0,29.0,0.0,7.1084383152666755,5.913157010875478e-05,0.9999917180914282,0.3218413097879305,,,0,0,,0.0,,,,,runs/pretrainsportC2_R4/ckpt_latest.pkl
full,sportC2,R4,,full_vsel_t64,full,64,1,rg,True,422786,0.3711806918866755,27.035856106940887,14.487407998195291,True,0.8711207813241284,0.2866816531594679,12.0,30.0,0.0,9.36157543933558,3.311367926090268e-05,0.9999964479516351,0.3711806918866755,,,0,0,,0.0,,,,,runs/pretrainsportC2_R4/ckpt_020000.pkl
full,sportC2,R4,,full_vsel_t64_alt,full,64,1,rg,False,422786,0.3456902546441935,27.4197716288941,14.427259586019334,True,0.8469579727452681,0.26096682233816937,12.0,30.0,0.0,9.913455733770013,3.784420486960306e-05,0.9999940169010643,0.3456902546441935,,,0,0,,0.0,,,,,runs/pretrainsportC2_R4/ckpt_020000.pkl
full,sportC2,R4,,retfm_t8,strat512,8,1,rg,True,512,1.0,,,False,1.0,1.0,0.0,0.0,1.0,,0.0,1.0,1.0,,,0,0,,,,,,,runs/pretrainsportC2_R4/ckpt_020000.pkl
full,sportC2,W0,,full_final_t64,full,64,1,rg,False,422786,0.30116891287790987,27.63895930297568,11.744164529860878,True,0.7629852601959854,0.2231134853549891,11.0,27.0,0.0,10.21726077656233,0.0002507178572611203,0.9999826426698727,0.30116891287790987,,,0,0,,0.0,,,,,runs/pretrainsportC2_W0/ckpt_latest.pkl
full,sportC2,W0,,full_vsel_t64,full,64,1,rg,False,422786,0.34633124086417244,27.074784034539586,12.056228392632358,True,0.8245292587563597,0.2655070107476933,11.0,30.0,0.0,13.91013236262583,0.0005676630730440459,0.9999530931387549,0.34633124086417244,,,0,0,,0.0,,,,,runs/pretrainsportC2_W0a/ckpt_050000.pkl
full,sportC2,W0,,full_vsel_t64_alt,full,64,1,rg,True,422786,0.3621690406021013,26.847795280459327,11.908407562235654,True,0.8437842524579973,0.28076724207056925,11.0,29.0,0.0,13.379662248855992,0.00048724413769613944,0.9999629153185724,0.3621690406021013,,,0,0,,0.0,,,,,runs/pretrainsportC2_W0a/ckpt_050000.pkl
full,sportC2,W0,,retfm_t8,strat512,8,1,rg,False,512,1.0,,,False,1.0,1.0,0.0,0.0,1.0,,0.0,1.0,1.0,,,0,0,,,,,,,runs/pretrainsportC2_W0a/ckpt_050000.pkl
full,sportC2,X1,,full_final_t16,full,16,1,trm,True,422786,0.1946540330096077,29.283544486519553,11.535088028999525,True,0.6502854712320252,0.11764396848965462,2.0,9.0,0.19505057496387504,12.230744605552601,0.023030563925957814,0.9990224034576296,0.1946540330096077,,,0,0,,0.0,,,,,runs/pretrainsportC2_X1/ckpt_latest.pkl
full,sportC2,X1,,full_vsel_t16,full,16,1,trm,True,422786,0.2120434451471903,29.27758812397552,12.604433274252624,True,0.6464737350107154,0.1386167633046599,2.0,8.0,0.19690176659528907,10.718458171863228,0.0593349827099289,0.9974880607039169,0.2120434451471903,,,0,0,,0.0,,,,,runs/pretrainsportC2_X1/ckpt_020000.pkl
full,sportC2,X1,,full_vsel_t16_alt,full,16,1,trm,False,422786,0.1389615550183781,29.96890124490677,10.27084302117026,True,0.4870351890326697,0.0801307308818528,2.0,7.0,0.1976138607120975,9.468193992335902,0.05597867479055598,0.997485974782666,0.1389615550183781,,,0,0,,0.0,,,,,runs/pretrainsportC2_X1/ckpt_020000.pkl
full,sportC2,X1,,full_vsel_t64,full,64,1,trm,True,422786,0.24229042588922056,29.122829711615022,14.148216220271193,True,0.6628003991689434,0.1712165327006932,2.0,20.0,0.17232123684775608,10.110295334151191,0.06700316472163222,0.9971839845059892,0.24229042588922056,,,0,0,,0.0,,,,,runs/pretrainsportC2_X1/ckpt_020000.pkl
full,sportC2,X2,,full_final_t16,full,16,1,trm,True,422786,0.38914249762291087,26.868510829776284,15.498281386273012,True,0.9612282624699396,0.29244951736304087,2.0,8.0,0.06504667898473208,29.23391749463723,0.00015374208228276245,0.9999935304730087,0.38914249762291087,,,0,0,,0.0,,,,,runs/pretrainsportC2_X2/ckpt_latest.pkl
full,sportC2,X2,,full_vsel_t16,full,16,1,trm,True,422786,0.38914249762291087,26.868510829776284,15.498281386273012,True,0.9612282624699396,0.29244951736304087,2.0,8.0,0.06504667898473208,29.23391749463723,0.00015374208228276245,0.9999935304730087,0.38914249762291087,,,0,0,,0.0,,,,,runs/pretrainsportC2_X2/ckpt_050000.pkl
full,sportC2,X2,,full_vsel_t16_alt,full,16,1,trm,False,422786,0.29621368730279624,28.64362308390752,16.6227781094702,True,0.8906866033013234,0.1957368681548088,2.0,8.0,0.08179444803717276,27.036229083417634,0.0010596377363488857,0.999941750023108,0.29621368730279624,,,0,0,,0.0,,,,,runs/pretrainsportC2_X2/ckpt_050000.pkl
full,sportC2,X2,,full_vsel_t64,full,64,1,trm,True,422786,0.43739385883165477,26.078378659474048,14.772247825835603,True,0.9767042387161157,0.34624051938428185,3.0,17.0,0.05787242326577405,29.683383642616306,0.00015374208228276245,0.9999934395013624,0.43739385883165477,,,0,0,,0.0,,,,,runs/pretrainsportC2_X2/ckpt_050000.pkl
rider,,C3X,sel5k,,sub5000,64,128,rg,False,5000,0.246,29.639133586226755,16.468443410409296,True,0.8926080892608089,0.1377539108101798,7.0,36.0,0.0,13.881962864721485,0.0,1.0,0.892,0.1724,0.0546875,8,68,0.058355437665782495,0.8567639257294429,0.9941584343597843,2.0696960745391632e-05,0.8816,0.9883408071748879,runs/pretrainsportBr2b_C3X/ckpt_latest.pkl
rider,,D4,sel5k,,sub5000,64,128,rg,False,5000,0.3302,27.278435346134405,11.875467685857192,True,0.9302649930264993,0.2297455054868083,9.0,18.0,0.0,25.734249029561063,0.0,1.0,0.805,0.2142,0.03125,5,80,0.038518960883845925,0.7088683189011645,0.9162230539986518,0.12393499871029187,0.5844,0.7259627329192546,runs/pretrainsportBr2b_D4/ckpt_latest.pkl
scan,finalA,A0,,,scan20k,64,128,trm,True,20000,0.94465,2.2673545493295038,35.184479071889335,False,0.9989648033126294,0.9354461466495146,1.0,11.0,0.21484147567882284,32.09394760614273,0.00025,0.9999858684888097,0.99755,0.5849,0.625,0,0,0.21770551038843722,0.955736224028907,0.6014776401354043,0.38013432201956576,0.5364,0.5377174076487393,runs/pretrainfinalA_A0/ckpt_040000.pkl
scan,finalA,A1,,,scan20k,64,128,trm,True,20000,0.94025,5.8033603495516175,30.53260065376338,False,0.9996549344375432,0.930183604256812,1.0,12.0,0.2407870247274661,31.504602510460252,0.00025,0.9999892961133071,0.99865,0.53315,0.5625,0,0,0.2175732217573222,0.9774058577405857,0.4965645927667113,0.5242058400027635,0.38225,0.3827667350923747,runs/pretrainfinalA_A1/ckpt_042000.pkl
scan,finalA,A2,,,scan20k,64,128,trm,True,20000,0.9207,10.381452083648208,26.064377945723756,False,0.9996549344375432,0.9073207811951819,1.0,10.0,0.13918757467144563,31.006935687263557,0.0,1.0,0.9832,0.9199,1.0,0,0,0.26670870113493067,0.7881462799495587,0.9987300580455243,4.798533568141576e-06,0.98295,0.9997457282343369,runs/pretrainfinalA_A2/ckpt_048000.pkl
scan,finalA,A3,,,sub5000,64,32,dec,True,5000,0.9492,10.151310963420459,22.05401743008423,False,0.99721059972106,0.9411627363997198,1.0,9.0,0.35398230088495575,30.77952755905512,0.0002,0.9999923076923078,0.9974,0.951,1.0,0,0,0.41732283464566927,0.9488188976377953,0.9560945561351692,0.04936936936936937,0.9362,0.9386404652095449,runs/frontier_ckpts/A3.pkl
scan,finalA,A4,,,sub5000,64,32,dec,True,5000,0.9778,-5.661211126846965,35.55715677683173,False,0.99860529986053,0.9743170674760682,1.0,8.0,0.20535896911433832,31.9009009009009,0.0002,0.9999916666666668,0.9982,0.9762,1.0,0,0,0.4144144144144144,0.918918918918919,0.9514753025364256,0.05108055009823183,0.9858,0.9875776397515529,runs/frontier_ckpts/A4.pkl
scan,finalA,A5,,,sub5000,64,32,dec,True,5000,0.9822,0.1549850233313137,27.096403069923863,False,1.0,0.9792201727760915,1.0,6.0,0.3648951333740582,31.808988764044944,0.0002,0.9999923076923078,0.9946,0.9814,1.0,0,0,0.3146067415730337,0.6966292134831461,0.9993066150981879,0.00037593984962406017,0.9944,0.9997989141363361,runs/frontier_ckpts/A5.pkl
scan,finalA,A7,,,sub5000,64,32,dec,True,5000,0.9818,-10.447816303909423,39.046077205989725,False,1.0,0.9787532103665655,1.0,6.0,0.29333876553269506,32.75824175824176,0.0,1.0,0.9992,0.947,0.96875,0,0,0.3956043956043956,0.9560439560439561,0.374942490525056,0.6856191132552263,0.5284,0.5288230584467574,runs/frontier_ckpts/A7.pkl
scan,finalA,A8,,,sub5000,64,32,dec,True,5000,0.9724,1.8714966819129302,28.420442635076007,False,1.0,0.9677795937427037,1.0,6.0,0.34409707939119705,30.615942028985508,0.0,1.0,0.997,0.974,1.0,0,0,0.30434782608695654,0.8913043478260869,0.9963246743838684,0.003861003861003861,0.9956,0.9985957873620863,runs/frontier_ckpts/A8.pkl
scan,,frontiercgar,,,scan20k,64,128,trm,True,20000,0.91625,12.260666580352826,23.206724067096133,False,0.9986197377501725,0.9022921295754882,1.0,9.0,0.21195088676671214,31.36,0.00025,0.9999820790616508,0.99315,0.7007,0.7578125,0,0,0.19880597014925372,0.9182089552238806,0.6883233987630573,0.3086435334548103,0.7134,0.7183204953934451,runs/frontier_ckpts/cgar.pkl
scan,,frontiereqr,,,scan20k,64,128,trm,True,20000,0.9339,8.569685146522577,27.14048486665975,False,0.9986197377501725,0.9229329902935329,2.0,11.0,0.12870757040368347,31.526475037821484,0.0001,0.9999962962962964,0.98895,0.93045,1.0,0,0,0.2821482602118003,0.8328290468986385,0.9988057080794562,5.746928266841373e-06,0.9885,0.9995449719399363,runs/frontier_ckpts/eqr.pkl
scan,,frontiereqr,noise05,,sub5000,64,32,trm,True,5000,0.9038,14.375059799741772,20.587395775495974,False,0.9944211994421199,0.8886294653280411,2.0,23.0,0.09515379508740872,20.313929313929314,0.0,1.0,0.9938,0.9068,1.0,0,0,0.4656964656964657,0.9355509355509356,0.9979364954653892,0.0,0.9936,0.999798752264037,runs/frontier_ckpts/eqr.pkl
scan,,frontiereqr,trunc,,scan20k,64,32,trm,True,20000,0.9339,8.569685146522577,27.14048486665975,False,0.9986197377501725,0.9229329902935329,2.0,11.0,0.12870757040368347,31.526475037821484,0.0001,0.9999962962962964,0.98355,0.93,1.0,0,0,0.26853252647503784,0.7511346444780636,0.998767146439463,2.2952625780389275e-05,0.98295,0.999389964922983,runs/frontier_ckpts/eqr.pkl
scan,,frontiertrmpub,,,scan20k,64,128,trm,True,20000,0.8336,18.21880709256476,18.24286316034935,True,0.9996549344375432,0.8054613495497602,1.0,7.0,0.35376679462571975,22.31189903846154,0.0003,0.9999834378511987,0.975,0.8202,0.9765625,0,3,0.1580528846153846,0.8497596153846154,0.970388615181371,0.025991720721014376,0.9384,0.9624615384615385,runs/frontier_ckpts/trmpub.pkl
scan,sportBr2b,C3X,,,scan20k,64,128,rg,,20000,0.24605,29.501417850576914,15.919627476335743,True,0.8978605935127675,0.13559817565197052,7.0,32.0,0.0,13.607865243053253,0.0,1.0,0.88895,,,8,69,,0.8527090655879037,,,,,runs/pretrainsportBr2b_C3X/ckpt_latest.pkl
scan,sportBr2b,D4,,,scan20k,64,128,rg,,20000,0.33285,27.225235638102287,11.813006744580207,True,0.935127674258109,0.23079172026663547,9.0,16.0,0.0,25.610732219141124,0.0,0.999998076923077,0.8128,,,4,77,,0.7194034325114292,,,,,runs/pretrainsportBr2b_D4/ckpt_latest.pkl
scan,sportC0,P1,,,scan20k,64,128,rg,,20000,0.1953,28.58813825475194,9.289221736193134,True,0.5010351966873706,0.14349198924102444,9.0,24.0,0.0,8.062197092084006,0.00105,0.9999434126692196,0.36545,0.0039,0.0078125,0,88,0.0032310177705977385,0.21144525910277123,0.949871001106007,0.07134535955095844,0.20305,0.5556163633876043,runs/pretrainsportC0_P1/ckpt_latest.pkl
scan,sportC0,P2,,,scan20k,64,128,rg,,20000,0.3466,26.971702003558832,11.303136794919943,True,0.8040027605244997,0.26909133434686,9.0,25.0,0.0,18.88337924701561,0.0006,0.9999664143222508,0.4919,0.34475,0.984375,0,16,0.038950107131925316,0.2223752678298133,0.9961454463836542,0.0020874942238221826,0.4892,0.9945110794877008,runs/pretrainsportC0_P2/ckpt_030000.pkl
scan,sportC0,P2s1,,,scan20k,64,128,rg,,20000,0.3588,26.809685459760114,11.228144813998416,True,0.8709454796411318,0.2720149690094726,9.0,25.0,0.0,23.560589519650655,0.0001,0.9940550898453399,0.4385,0.35585,1.0,0,5,0.023705552089831567,0.12429819089207736,0.9871895430041128,0.015128091399905175,0.43675,0.9960091220068416,runs/pretrainsportC0_P2s1/ckpt_020000.pkl
scan,sportC0,P3,,,scan20k,64,128,rg,,20000,0.27265,27.62120988576276,9.717187948180385,True,0.9133885438233265,0.16407437726581686,11.0,20.0,0.0,27.100983020554064,5e-05,0.9999978260869564,0.29985,0.27025,1.0,0,0,0.005705643775348869,0.037396026672166086,0.9553341791194735,0.039037291608396855,0.2968,0.9898282474570619,runs/pretrainsportC0_P3/ckpt_010000.pkl
scan,sportC0,P3s1,,,scan20k,64,128,rg,,20000,0.38585,26.447951555936772,10.903081995481868,True,0.8778467908902692,0.30247924219389544,9.0,22.0,0.0,28.985019946267197,0.00045,0.9998756989102118,0.52855,0.3847,0.9921875,0,12,0.04249776113327363,0.23235365952943093,0.9936352310418365,0.0008072879314262214,0.52525,0.9937565036420396,runs/pretrainsportC0_P3s1/ckpt_010000.pkl
scan,sportC0,P5,,,scan20k,64,128,rg,,20000,0.3499,27.08216705051414,12.403813546254074,True,0.782608695652174,0.27657583908314815,9.0,25.0,0.0,10.358637132748807,0.00055,0.9999672794117647,0.4644,0.3489,1.0,0,10,0.032764190124596214,0.17612674973081063,0.9945401714775622,0.0018399413042526221,0.46075,0.9921403962101637,runs/pretrainsportC0_P5/ckpt_020000.pkl
scan,sportC1,A0,,,scan20k,64,128,rg,False,20000,0.4003,26.337736970029027,11.528841595392276,True,0.86783988957902,0.3210735586481113,9.0,22.0,0.0,22.828414207103553,0.0001,0.9999941176470587,0.5228,0.3991,1.0,0,9,0.038185759546439886,0.20426880106720027,0.9969603755121798,0.0012539270627002575,0.5211,0.9967482785003825,runs/pretrainsportC1_A0/ckpt_030000.pkl
scan,sportC1,A1,,,scan20k,64,128,rg,False,20000,0.22635,28.847094282860247,11.945006338067353,True,0.9140786749482401,0.10981171792772774,11.0,27.0,0.0,31.49163058230466,5e-05,0.9999979166666666,0.2445,0.2268,1.0,0,0,0.004847153105409423,0.023460221030181607,0.7239607677970601,0.3745569453986986,0.2417,0.9885480572597137,runs/pretrainsportC1_A1/ckpt_latest.pkl
scan,sportC1,B0,,,scan20k,64,128,rg,False,20000,0.25625,27.849158950085307,9.783809159458734,True,0.6318150448585231,0.19260905157291544,9.0,21.0,0.0,38.07865546218488,0.0,0.9478642020890675,0.50475,0.2582,0.484375,0,49,0.04820168067226891,0.3341176470588235,0.9986102141935548,4.415370746591886e-05,0.4973,0.9852402179296681,runs/pretrainsportC1_B0/ckpt_020000.pkl
scan,sportC1,B0,vselA20k,,scan20k,64,128,rg,False,20000,0.4276,26.083479808195115,12.598529484920652,True,0.8919944789510007,0.3489065606361829,10.0,24.0,0.0,12.747117400419286,0.0,1.0,0.5297,0.4275,1.0,0,6,0.033455625436757515,0.1783717679944095,0.9969583287046868,0.0003445312808529124,0.5278,0.99641306399849,runs/pretrainsportC1_B0a/ckpt_020000.pkl
scan,sportC1,B1,,,scan20k,64,128,rg,False,20000,0.24645,27.974512443932795,9.756184957848161,True,0.5924775707384403,0.18781429072623085,9.0,21.0,0.0,49.897020768363085,0.0066,0.8929216037164112,0.47015,0.2475,0.53125,0,41,0.04326189370313848,0.29686152212859135,0.996774969712,0.0029797124196033003,0.4586,0.9754333723279804,runs/pretrainsportC1_B1/ckpt_030000.pkl
scan,sportC1,B1,vselA20k,,scan20k,64,128,rg,False,20000,0.42455,26.08205185439271,12.017467097883051,True,0.8861283643892339,0.34633376213308387,10.0,23.0,0.0,11.613693631071335,0.0001,0.9999959030100334,0.5281,0.4231,1.0,0,6,0.03579807107481102,0.17994612911634372,0.9979890887308239,0.0004417893350290081,0.52655,0.9970649498201097,runs/pretrainsportC1_B1a/ckpt_020000.pkl
scan,sportC1,R0,,,scan20k,64,128,rg,True,20000,0.3709,27.081612745123433,14.773095636664241,True,0.9064872325741891,0.2801426733715355,12.0,31.0,0.0,12.930615164520743,0.0,1.0,0.50795,0.36845,0.984375,0,12,0.0407725321888412,0.21785089810840882,0.9940861997541058,0.0,0.5018,0.987892509105227,runs/pretrainsportC1_R0/ckpt_050000.pkl
scan,sportC1,X0,,,scan20k,64,128,trm,True,20000,0.92865,10.896690382361014,23.969563664138494,False,0.9996549344375432,0.9166179394222898,1.0,11.0,0.22441178054164648,33.56762438682551,0.0001,0.9999955533596838,0.99705,0.92125,0.9921875,0,0,0.299229152067274,0.9586545199719692,0.925304258664713,0.07798267482805786,0.9248,0.927536231884058,runs/pretrainsportC1_X0/ckpt_050000.pkl
scan,sportC2,R1,,,scan20k,64,128,rg,False,20000,0.3734,26.62966363691681,11.212559057375694,True,0.9544513457556936,0.2749386036720851,15.0,36.0,0.0,22.806894350462816,0.0,0.9999780956947998,0.4377,0.3713,1.0,0,2,0.02202361953399298,0.1026172997127354,0.6215943081591858,0.3578456674423551,0.4305,0.9835503769705278,runs/pretrainsportC2_R1/ckpt_010000.pkl
scan,sportC2,R2,,,scan20k,64,128,rg,False,20000,0.33445,27.007608143815997,10.526412372530705,True,0.8547273982056591,0.24628698397848206,9.0,20.0,0.000594883997620464,23.57028021936744,0.0,0.9999823529411765,0.4268,0.32155,0.9921875,0,8,0.02404026744797536,0.13875741867628277,0.9766309264677342,0.0070539949778842875,0.4148,0.971883786316776,runs/pretrainsportC2_R2a/ckpt_040000.pkl
scan,sportC2,R3,,,scan20k,64,128,rg,False,20000,0.43365,25.926198383295592,11.292764454367122,True,0.898895790200138,0.3548123026546603,13.0,30.0,0.0,14.055972455195551,0.0001,0.9999962250712251,0.5166,0.4311,1.0,0,4,0.025602542597333803,0.14646420058267856,0.9855049214292778,0.0,0.5097,0.9866434378629503,runs/pretrainsportC2_R3a/ckpt_040000.pkl
scan,sportC2,R4,,,scan20k,64,128,rg,True,20000,0.3717,27.047105661925766,14.585222842159284,True,0.8754313319530711,0.2863407788562741,12.0,30.0,0.0,9.300572974693617,5e-05,0.9999912126696833,0.5612,0.37335,0.90625,0,18,0.06040108228553239,0.3016075123348719,0.9964934052062846,0.0,0.55525,0.9893977191732003,runs/pretrainsportC2_R4/ckpt_020000.pkl
scan,sportC2,W0,,,scan20k,64,128,rg,False,20000,0.3513,26.98487276577297,11.83142987705361,True,0.826432022084196,0.2707870424511753,11.0,31.0,0.0,13.927316170803145,0.00065,0.9999521882151559,0.5685,0.34315,0.765625,0,26,0.05526437490365346,0.3348234931401264,0.9968765518877662,0.0008025581690702668,0.56415,0.9923482849604223,runs/pretrainsportC2_W0a/ckpt_050000.pkl
scan,sportC2,X1,,,scan20k,64,128,trm,True,20000,0.2457,29.035260856427872,14.010281829263068,True,0.6752933057280883,0.1729037539469068,2.0,20.0,0.17151576805696847,10.218348137345883,0.0636,0.9973376674033472,0.6953,0.2655,0.1484375,3,68,0.0818639798488665,0.5960493172477794,0.9790241278712325,0.015485640539502481,0.62755,0.9025600460232993,runs/pretrainsportC2_X1/ckpt_020000.pkl
scan,sportC2,X2,,,scan20k,64,128,trm,True,20000,0.43525,26.05873194294898,13.808923998992581,True,0.9775707384403036,0.343351654777219,3.0,17.0,0.060425043078690406,29.832403718459496,0.0001,0.9999931357466063,0.4358,0.00015,0.0,0,0,0.0,0.0009738822487826472,0.7320200927923035,0.22391994081032662,0.00025,0.0005736576411197796,runs/pretrainsportC2_X2/ckpt_050000.pkl
screen,finalA,A0,vb,,strat512,16,256,trm,True,512,0.875,16.55506350174232,18.990930408320928,False,1.0,0.8532110091743119,1.0,6.0,0.2544642857142857,33.875,0.0,1.0,1.0,0.541015625,0.580078125,0,1,0.203125,1.0,0.5596092019822154,0.45688143221152255,0.396484375,0.396484375,runs/pretrainfinalA_A0/ckpt_040000.pkl
screen,finalA,A1,vb,,strat512,16,256,trm,True,512,0.875,15.800663444268704,20.74410455172661,False,1.0,0.8532110091743119,1.0,7.0,0.29017857142857145,33.484375,0.0,1.0,0.99609375,0.482421875,0.5234375,0,1,0.328125,0.96875,0.4191890854751309,0.6412412862604002,0.177734375,0.1784313725490196,runs/pretrainfinalA_A1/ckpt_042000.pkl
screen,finalA,A2,vb,,strat512,16,256,trm,True,512,0.859375,15.900034529038741,22.128236840481446,False,1.0,0.8348623853211009,1.0,5.0,0.14772727272727273,32.416666666666664,0.0,1.0,0.982421875,0.876953125,1.0,0,1,0.3055555555555556,0.875,0.9890222644558258,0.0,0.982421875,1.0,runs/pretrainfinalA_A2/ckpt_048000.pkl
screen,finalA,A3,vb,,strat512,16,256,dec,True,512,0.89453125,13.99457081216678,22.601187891046965,False,1.0,0.8761467889908257,1.0,4.0,0.43013100436681223,31.74074074074074,0.0,1.0,1.0,0.916015625,0.9921875,0,1,0.5370370370370371,1.0,0.9616126021484016,0.031101058243799985,0.814453125,0.814453125,runs/pretrainfinalA_A3/ckpt_042000.pkl
screen,finalA,A4,vb,,strat512,16,256,dec,True,512,0.9296875,12.707033948646982,20.808267570767338,False,1.0,0.9174311926605505,1.0,5.0,0.21218487394957983,34.166666666666664,0.0,1.0,1.0,0.921875,1.0,0,0,0.3333333333333333,1.0,0.9726036470256727,0.02071935746711675,0.93359375,0.93359375,runs/pretrainfinalA_A4/ckpt_010000.pkl
screen,finalA,A5,vb,,strat512,16,256,dec,True,512,0.939453125,11.446127167526479,21.6179474727773,False,1.0,0.9288990825688074,1.0,4.0,0.40332640332640335,34.29032258064516,0.0,1.0,0.998046875,0.951171875,1.0,0,0,0.41935483870967744,0.967741935483871,0.9924589654284304,0.0002822466836014677,0.994140625,0.9960861056751468,runs/pretrainfinalA_A5/ckpt_028000.pkl
screen,finalA,A7,vb,,strat512,16,256,dec,True,512,0.943359375,12.868678440484569,18.76652683509699,False,1.0,0.9334862385321101,1.0,4.0,0.3416149068322981,31.82758620689655,0.0,1.0,1.0,0.919921875,0.9609375,0,0,0.3793103448275862,1.0,0.5300476978260356,0.4690535664723841,0.03125,0.03125,runs/pretrainfinalA_A7/ckpt_022000.pkl
screen,finalA,A8,vb,,strat512,16,256,dec,True,512,0.947265625,9.079395128141165,24.164249132254852,False,1.0,0.9380733944954128,1.0,5.0,0.4020618556701031,31.40740740740741,0.0,1.0,1.0,0.939453125,1.0,0,0,0.37037037037037035,1.0,0.9929329324699928,0.001089472967451995,0.99609375,0.99609375,runs/pretrainfinalA_A8/ckpt_012000.pkl
screen,,frontiercgar,vb,,strat512,16,256,trm,True,512,0.876953125,13.742381250639365,25.256771743148715,False,1.0,0.8555045871559633,1.0,5.199999999999989,0.22717149220489977,33.44444444444444,0.0,1.0,0.998046875,0.669921875,0.71484375,0,1,0.25396825396825395,0.9841269841269841,0.7302237169507435,0.2624826328586315,0.61328125,0.6144814090019569,runs/frontier_ckpts/cgar.pkl
screen,,frontiereqr,vb,,strat512,16,256,trm,True,512,0.89453125,11.836023316424301,27.125805877767856,False,1.0,0.8761467889908257,1.0,6.0,0.1572052401746725,32.351851851851855,0.0,1.0,0.986328125,0.884765625,1.0,0,0,0.2962962962962963,0.8703703703703703,0.9894338076263192,0.0,0.986328125,1.0,runs/frontier_ckpts/eqr.pkl
screen,,frontiertrmpub,vb,,strat512,16,256,trm,True,512,0.8125,16.56309565763795,25.512101998217773,False,1.0,0.7798165137614679,1.0,3.0,0.41586538461538464,22.802083333333332,0.0,1.0,0.984375,0.791015625,0.96875,0,5,0.1875,0.9166666666666666,0.9661249348038083,0.024301470588235292,0.923828125,0.9384920634920635,runs/frontier_ckpts/trmpub.pkl
screen,sportB,B1,mid,,strat512,64,256,rg,,512,0.224609375,30.92284530160809,19.36844812366775,True,0.9210526315789473,0.10321100917431193,11.0,18.0,0.0,34.38035264483627,0.0,0.9995659722222222,0.595703125,,,25,179,,0.47858942065491183,,,,,runs/pretrainsportB_B1/ckpt_020000.pkl
screen,sportB,B1,vb,,strat512,64,255,rg,,512,0.24609375,28.739474089519398,12.730216409547756,True,0.7368421052631579,0.16055045871559634,9.0,19.0,0.0,4.937823834196891,0.0,0.9996823832273052,0.724609375,,,22,182,,0.6347150259067358,,,,,runs/pretrainsportB_B1/ckpt_045000.pkl
screen,sportB,B2,mid,,strat512,64,250,rg,,512,0.228515625,30.10621494390928,16.7127997615555,True,0.9342105263157895,0.10550458715596331,10.0,23.0,0.0,39.936708860759495,0.0,1.0,0.70703125,,,26,183,,0.620253164556962,,,,,runs/pretrainsportB_B2/ckpt_025000.pkl
screen,sportB,B2,vb,,strat512,64,253,rg,,512,0.2578125,28.456383157835685,12.341222989610225,True,0.868421052631579,0.15137614678899083,9.0,20.0,0.0,29.326315789473686,0.0,0.9998851102941176,0.7734375,,,9,141,,0.6947368421052632,,,,,runs/pretrainsportB_B2/ckpt_latest.pkl
screen,sportB,B3,mid,,strat512,64,248,rg,,512,0.15625,30.958302810467742,13.971242745181677,True,0.7105263157894737,0.05963302752293578,10.0,21.10000000000001,0.0,33.49768518518518,0.0,1.0,0.712890625,,,27,181,,0.6597222222222222,,,,,runs/pretrainsportB_B3/ckpt_025000.pkl
screen,sportB,B3,vb,,strat512,64,249,rg,,512,0.205078125,31.4337180611023,19.310021087789327,True,0.881578947368421,0.0871559633027523,10.0,19.200000000000017,0.0,33.582309582309584,0.0,1.0,0.26953125,,,0,14,,0.08108108108108109,,,,,runs/pretrainsportB_B3/ckpt_latest.pkl
screen,sportB,B4,vb,,strat512,64,255,rg,,512,0.12890625,30.159775773902783,10.22410040500966,True,0.5789473684210527,0.05045871559633028,18.0,28.900000000000006,0.0,19.298206278026907,0.0,0.9998467548076924,0.55859375,,,9,130,,0.49327354260089684,,,,,runs/pretrainsportB_B4/ckpt_005000.pkl
screen,sportB,B4s1,mid,,strat512,64,243,rg,,512,0.0390625,33.43152132564247,10.067525063838355,True,0.18421052631578946,0.013761467889908258,11.0,31.60000000000001,0.0,28.634146341463413,0.0,1.0,0.376953125,,,11,120,,0.3516260162601626,,,,,runs/pretrainsportB_B4s1/ckpt_010000.pkl
screen,sportB,B4s1,vb,,strat512,64,253,rg,,512,0.111328125,32.585936682055205,14.652613016794096,True,0.4473684210526316,0.052752293577981654,8.0,33.3,0.0,28.826373626373627,0.0,0.9999248798076923,0.62890625,,,12,133,,0.5824175824175825,,,,,runs/pretrainsportB_B4s1/ckpt_latest.pkl
screen,sportB,B5,mid,,strat512,64,241,rg,,512,0.07421875,31.316505082470407,9.420614109570273,True,0.3684210526315789,0.022935779816513763,11.0,21.200000000000017,0.0,21.959915611814345,0.0,1.0,0.212890625,,,4,60,,0.14978902953586498,,,,,runs/pretrainsportB_B5/ckpt_010000.pkl
screen,sportB,B5,vb,,strat512,64,226,rg,,512,0.1171875,30.682009922385877,10.778311537532183,True,0.5,0.05045871559633028,12.0,20.80000000000001,0.0,32.95132743362832,0.0,1.0,0.296875,,,5,118,,0.20353982300884957,,,,,runs/pretrainsportB_B5/ckpt_latest.pkl
screen,sportBr2,C1,vb,,strat512,64,256,rg,,512,0.240234375,29.94888132780247,17.116196499377402,True,0.9473684210526315,0.11697247706422019,11.0,20.0,0.0,33.33419023136247,0.0,1.0,0.712890625,,,26,166,,0.622107969151671,,,,,runs/pretrainsportBr2_C1/ckpt_latest.pkl
screen,sportBr2,C1s1,vb,,strat512,64,251,rg,,512,0.232421875,30.232679178748306,17.52400837991404,True,0.9210526315789473,0.11238532110091744,11.0,21.900000000000006,0.0,38.55979643765903,0.0,1.0,0.76171875,,,26,166,,0.6895674300254453,,,,,runs/pretrainsportBr2_C1s1/ckpt_latest.pkl
screen,sportBr2,C2,m1,,strat512,64,240,rg,,512,0.166015625,30.155748460152576,12.38738898085577,True,0.7368421052631579,0.06651376146788991,10.0,22.200000000000017,0.0,35.40046838407494,0.0,1.0,0.3046875,,,0,106,,0.16627634660421545,,,,,runs/pretrainsportBr2_C2/ckpt_025000.pkl
screen,sportBr2,C2,m2,,strat512,64,238,rg,,512,0.19140625,29.68419607192899,12.559029708215506,True,0.8552631578947368,0.07568807339449542,9.0,16.0,0.0,32.471014492753625,0.0,1.0,0.333984375,,,0,96,,0.17632850241545894,,,,,runs/pretrainsportBr2_C2/ckpt_040000.pkl
screen,sportBr2,C2,vb,,strat512,64,255,rg,,512,0.20703125,29.873489831356395,14.226241886945555,True,0.868421052631579,0.09174311926605505,9.0,15.5,0.0,30.980295566502463,0.0,1.0,0.330078125,,,0,107,,0.15517241379310345,,,,,runs/pretrainsportBr2_C2/ckpt_latest.pkl
screen,sportBr2,C3,m1,,strat512,64,218,rg,,512,0.12109375,31.72689934783385,13.439926243549543,True,0.5263157894736842,0.05045871559633028,10.5,26.900000000000006,0.0,32.27777777777778,0.0,1.0,0.296875,,,1,26,,0.2,,,,,runs/pretrainsportBr2_C3/ckpt_010000.pkl
screen,sportBr2,C3,m2,,strat512,64,255,rg,,512,0.203125,30.993188686343274,17.67275723293439,True,0.7894736842105263,0.10091743119266056,7.0,19.200000000000003,0.0,30.875,0.0,1.0,0.716796875,,,11,171,,0.6446078431372549,,,,,runs/pretrainsportBr2_C3/ckpt_015000.pkl
screen,sportBr2,C3,vb,,strat512,64,253,rg,,512,0.240234375,32.22756605805801,26.014195521090205,True,0.9210526315789473,0.12155963302752294,8.0,22.60000000000001,0.0,24.946015424164525,0.0,1.0,0.884765625,,,12,113,,0.8483290488431876,,,,,runs/pretrainsportBr2_C3/ckpt_latest.pkl
screen,sportBr2,C4,m1,,strat512,64,171,rg,,512,0.21484375,31.452107719426657,20.305476392800397,True,0.8947368421052632,0.0963302752293578,11.0,25.200000000000017,0.0,35.9228855721393,0.0,1.0,0.271484375,,,0,5,,0.07213930348258707,,,,,runs/pretrainsportBr2_C4/ckpt_025000.pkl
screen,sportBr2,C4,m2,,strat512,64,253,rg,,512,0.224609375,31.093186930159504,19.98823376461735,True,0.9210526315789473,0.10321100917431193,9.0,16.200000000000017,0.0,31.27455919395466,0.0,1.0,0.3359375,,,0,122,,0.14357682619647355,,,,,runs/pretrainsportBr2_C4/ckpt_040000.pkl
screen,sportBr2,C4,vb,,strat512,64,249,rg,,512,0.224609375,29.626553433752733,14.629996425181844,True,0.8947368421052632,0.10779816513761468,8.0,16.60000000000001,0.0,21.70528967254408,0.0,1.0,0.4296875,,,0,163,,0.26448362720403024,,,,,runs/pretrainsportBr2_C4/ckpt_latest.pkl
screen,sportBr2b,C3X,s010000,,strat512,64,251,rg,,512,0.25,31.865072474073727,25.83660659468016,True,0.8947368421052632,0.13761467889908258,8.0,37.60000000000001,0.0,20.1953125,0.0,1.0,0.814453125,,,11,137,,0.7526041666666666,,,,,runs/pretrainsportBr2b_C3X/ckpt_010000.pkl
screen,sportBr2b,C3X,s020000,,strat512,64,251,rg,,512,0.228515625,29.79355454017049,15.547296526326189,True,0.8947368421052632,0.11238532110091744,7.0,22.80000000000001,0.0,18.26835443037975,0.0,1.0,0.91015625,,,10,109,,0.8835443037974684,,,,,runs/pretrainsportBr2b_C3X/ckpt_020000.pkl
screen,sportBr2b,C3X,vb,,strat512,64,251,rg,,512,0.236328125,30.0890884489857,17.319300531953797,True,0.881578947368421,0.12385321100917432,7.0,25.0,0.0,13.843989769820972,0.0,1.0,0.9453125,,,8,99,,0.928388746803069,,,,,runs/pretrainsportBr2b_C3X/ckpt_latest.pkl
screen,sportBr2b,D1,s010000,,strat512,64,219,rg,,512,0.150390625,31.075536329427578,13.878369637087735,True,0.6842105263157895,0.05733944954128441,10.0,24.700000000000003,0.0,38.05977011494253,0.0,1.0,0.294921875,,,0,27,,0.17011494252873563,,,,,runs/pretrainsportBr2b_D1/ckpt_latest.pkl
screen,sportBr2b,D1,vb,,strat512,64,219,rg,,512,0.150390625,31.075536329427578,13.878369637087735,True,0.6842105263157895,0.05733944954128441,10.0,24.700000000000003,0.0,38.05977011494253,0.0,1.0,0.294921875,,,0,27,,0.17011494252873563,,,,,runs/pretrainsportBr2b_D1/ckpt_latest.pkl
screen,sportBr2b,D2,s010000,,strat512,64,253,rg,,512,0.197265625,29.928242657031934,13.728431454363264,True,0.8421052631578947,0.08486238532110092,8.0,17.700000000000003,0.0,33.824817518248175,0.0,1.0,0.732421875,,,34,182,,0.6666666666666666,,,,,runs/pretrainsportBr2b_D2/ckpt_010000.pkl
screen,sportBr2b,D2,s015000,,strat512,64,255,rg,,512,0.228515625,31.271417968785713,21.035427080897293,True,0.9342105263157895,0.10550458715596331,7.0,18.0,0.0,32.382278481012655,0.0,1.0,0.81640625,,,33,149,,0.7620253164556962,,,,,runs/pretrainsportBr2b_D2/ckpt_015000.pkl
screen,sportBr2b,D2,vb,,strat512,64,248,rg,,512,0.259765625,31.405366480889363,25.191556083499542,True,0.9342105263157895,0.14220183486238533,7.0,18.799999999999997,0.0,14.765171503957784,0.0,1.0,0.84765625,,,28,169,,0.7941952506596306,,,,,runs/pretrainsportBr2b_D2/ckpt_latest.pkl
screen,sportBr2b,D3,s025000,,strat512,64,256,rg,,512,0.259765625,30.587320837191672,21.689202392325743,True,0.9473684210526315,0.13990825688073394,10.0,20.799999999999997,0.0,29.387862796833772,0.0,1.0,0.51171875,,,0,157,,0.3403693931398417,,,,,runs/pretrainsportBr2b_D3/ckpt_025000.pkl
screen,sportBr2b,D3,s040000,,strat512,64,256,rg,,512,0.3125,28.09317931582048,14.945003253285776,True,0.8947368421052632,0.21100917431192662,9.0,16.0,0.0,25.017045454545453,0.0,1.0,0.927734375,,,11,134,,0.8948863636363636,,,,,runs/pretrainsportBr2b_D3/ckpt_040000.pkl
screen,sportBr2b,D3,vb,,strat512,64,256,rg,,512,0.3125,28.09317931582048,14.945003253285776,True,0.8947368421052632,0.21100917431192662,9.0,16.0,0.0,25.017045454545453,0.0,1.0,0.927734375,,,11,134,,0.8948863636363636,,,,,runs/pretrainsportBr2b_D3/ckpt_040000.pkl
screen,sportBr2b,D4,s025000,,strat512,64,251,rg,,512,0.236328125,30.15570102824738,17.57618677388994,True,0.881578947368421,0.12385321100917432,9.0,15.0,0.0,29.317135549872123,0.0,1.0,0.681640625,,,20,166,,0.5831202046035806,,,,,runs/pretrainsportBr2b_D4/ckpt_025000.pkl
screen,sportBr2b,D4,s040000,,strat512,64,256,rg,,512,0.33203125,27.41718951932685,12.634716412934347,True,0.9342105263157895,0.22706422018348624,9.0,16.0,0.0,28.63450292397661,0.0,1.0,0.791015625,,,8,172,,0.6871345029239766,,,,,runs/pretrainsportBr2b_D4/ckpt_040000.pkl
screen,sportBr2b,D4,vb,,strat512,64,255,rg,,512,0.345703125,27.849906727696258,17.059798801362916,True,0.881578947368421,0.25229357798165136,8.0,18.0,0.0,25.402985074626866,0.0,1.0,0.890625,,,8,138,,0.8328358208955224,,,,,runs/pretrainsportBr2b_D4/ckpt_latest.pkl
screen,sportC0,P1,s015000,,strat512,64,256,rg,,512,0.369140625,26.839075745177112,12.00230860028195,True,0.868421052631579,0.28211009174311924,9.0,22.200000000000017,0.0,13.58513931888545,0.0,0.9998851102941176,0.607421875,0.23046875,0.24609375,0,52,0.03715170278637771,0.37770897832817335,0.9616276027143104,0.006358480838632067,0.515625,0.8488745980707395,runs/pretrainsportC0_P1/ckpt_015000.pkl
screen,sportC0,P1,s035000,,strat512,64,256,rg,,512,0.279296875,27.561051249087047,9.586918525829116,True,0.6578947368421053,0.21330275229357798,10.0,32.8,0.0,6.948509485094851,0.00390625,0.9998127723311547,0.919921875,0.037109375,0.015625,14,148,0.02981029810298103,0.8888888888888888,0.9710042037101198,0.03843976220325959,0.59765625,0.6496815286624203,runs/pretrainsportC0_P1/ckpt_035000.pkl
screen,sportC0,P1,vb,,strat512,64,256,rg,,512,0.380859375,27.02029359197985,15.091378112282616,True,0.881578947368421,0.29357798165137616,9.0,26.0,0.0,11.637223974763407,0.0,0.999927662037037,0.732421875,0.248046875,0.1640625,0,63,0.08517350157728706,0.5678233438485805,0.9781709123546257,0.009927906883080269,0.662109375,0.904,runs/pretrainsportC0_P1/ckpt_020000.pkl
screen,sportC0,P2,s015000,,strat512,64,256,rg,,512,0.349609375,26.784446007342417,9.71997390595813,True,0.8289473684210527,0.26605504587155965,9.0,15.0,0.0,18.792792792792792,0.0,1.0,0.4609375,0.361328125,0.99609375,0,7,0.03903903903903904,0.17117117117117117,0.976142912071197,0.040060857861782435,0.458984375,0.9957627118644068,runs/pretrainsportC0_P2/ckpt_015000.pkl
screen,sportC0,P2,s035000,,strat512,64,256,rg,,512,0.353515625,26.818433029833738,10.310255222287394,True,0.8026315789473685,0.27522935779816515,9.0,25.80000000000001,0.0,26.59214501510574,0.0,0.9952257898351649,0.541015625,0.357421875,0.92578125,0,27,0.03625377643504532,0.29003021148036257,0.9975250293404758,5.9203826935373105e-05,0.541015625,1.0,runs/pretrainsportC0_P2/ckpt_035000.pkl
screen,sportC0,P2,vb,,strat512,64,256,rg,,512,0.3359375,27.315966285336607,12.318914295139358,True,0.8421052631578947,0.24770642201834864,9.0,26.900000000000006,0.0,18.83823529411765,0.0,1.0,0.525390625,0.353515625,0.94140625,0,19,0.052941176470588235,0.2852941176470588,0.9956658724358466,0.0017859268960590546,0.5234375,0.9962825278810409,runs/pretrainsportC0_P2/ckpt_030000.pkl
screen,sportC0,P2s1,s015000,,strat512,64,256,rg,,512,0.408203125,26.595043372668943,14.977077996908847,True,0.8947368421052632,0.32339449541284404,10.0,25.400000000000034,0.0,10.468646864686468,0.0,1.0,0.52734375,0.41015625,1.0,0,7,0.036303630363036306,0.20132013201320131,0.6958748285755727,0.21314900312088933,0.447265625,0.8481481481481481,runs/pretrainsportC0_P2s1/ckpt_015000.pkl
screen,sportC0,P2s1,s035000,,strat512,64,256,rg,,512,0.0,,,False,0.0,0.0,,,,243.0,0.0,0.0,0.0,0.0,,,,0.0,0.0,,,0.0,,runs/pretrainsportC0_P2s1/ckpt_035000.pkl
screen,sportC0,P2s1,vb,,strat512,64,256,rg,,512,0.34765625,27.430681706160975,14.29384356972693,True,0.8947368421052632,0.25229357798165136,8.0,20.099999999999994,0.0,23.85928143712575,0.0,0.9918870192307692,0.44140625,0.3515625,1.0,0,7,0.02694610778443114,0.1437125748502994,0.9849146615018278,0.02860501567398119,0.44140625,1.0,runs/pretrainsportC0_P2s1/ckpt_020000.pkl
screen,sportC0,P3,s015000,,strat512,64,256,rg,,512,0.0,,,False,0.0,0.0,,,,243.0,0.0,0.0,0.0,0.0,,,,0.0,0.0,,,0.0,,runs/pretrainsportC0_P3/ckpt_015000.pkl
screen,sportC0,P3,s035000,,strat512,64,256,rg,,512,0.0,,,False,0.0,0.0,,,,243.0,0.0,0.0,0.0,0.0,,,,0.0,0.0,,,0.0,,runs/pretrainsportC0_P3/ckpt_035000.pkl
screen,sportC0,P3,vb,,strat512,64,256,rg,,512,0.279296875,27.82979359365324,10.905242692980705,True,0.8947368421052632,0.1720183486238532,11.0,20.799999999999997,0.0,26.88888888888889,0.0,1.0,0.30078125,0.275390625,1.0,0,0,0.005420054200542005,0.02981029810298103,0.9554099452070361,0.04239766081871345,0.298828125,0.9935064935064936,runs/pretrainsportC0_P3/ckpt_010000.pkl
screen,sportC0,P3s1,sAend,,strat512,64,256,rg,,512,0.4375,25.973120901521327,11.550708614775695,True,0.9210526315789473,0.3532110091743119,9.0,23.599999999999994,0.0,28.020833333333332,0.0,0.9998851102941176,0.5546875,0.416015625,1.0,0,6,0.034722222222222224,0.20833333333333334,0.9897421158375752,0.0025723729807538517,0.548828125,0.9894366197183099,runs/pretrainsportC0_P3s1a/ckpt_latest.pkl
screen,sportC0,P3s1,sB05,,strat512,64,256,rg,,512,0.42578125,26.083345913382324,11.142533461851631,True,0.9078947368421053,0.34174311926605505,9.0,24.900000000000034,0.0,29.56122448979592,0.001953125,0.9998851102941176,0.5546875,0.42578125,0.99609375,0,13,0.05442176870748299,0.22448979591836735,0.9910421306287329,0.002251421950705709,0.55078125,0.9929577464788732,runs/pretrainsportC0_P3s1/ckpt_005000.pkl
screen,sportC0,P3s1,vb,,strat512,64,256,rg,,512,0.42578125,26.126255432859526,11.805759940970116,True,0.9210526315789473,0.3394495412844037,9.0,21.0,0.0,28.741496598639454,0.001953125,0.9998851102941176,0.55859375,0.423828125,0.99609375,0,17,0.03741496598639456,0.23129251700680273,0.9953384803658133,9.293803688312378e-05,0.55078125,0.986013986013986,runs/pretrainsportC0_P3s1/ckpt_010000.pkl
screen,sportC0,P5,s015000,,strat512,64,256,rg,,512,0.384765625,26.898631471428867,14.49555246358535,True,0.7894736842105263,0.31422018348623854,10.0,23.0,0.0,13.250793650793652,0.00390625,0.9998037300857843,0.490234375,0.388671875,1.0,0,6,0.047619047619047616,0.17142857142857143,0.9946688597790997,0.008524372066667488,0.484375,0.9880478087649402,runs/pretrainsportC0_P5/ckpt_015000.pkl
screen,sportC0,P5,s035000,,strat512,64,256,rg,,512,0.3203125,27.149253010904573,9.977629954728608,True,0.7105263157894737,0.25229357798165136,9.0,27.0,0.0,11.864942528735632,0.00390625,0.9978506050857843,0.541015625,0.33203125,0.87109375,0,41,0.0603448275862069,0.32471264367816094,0.9937365662186931,0.004908254274839516,0.533203125,0.9855595667870036,runs/pretrainsportC0_P5/ckpt_035000.pkl
screen,sportC0,P5,vb,,strat512,64,256,rg,,512,0.353515625,27.47639834138317,15.306750955175088,True,0.7236842105263158,0.2889908256880734,9.0,24.0,0.0,10.580060422960726,0.0,0.9998069852941176,0.486328125,0.361328125,1.0,0,23,0.04229607250755287,0.2054380664652568,0.9939860186628845,0.005193691332729785,0.48046875,0.9879518072289156,runs/pretrainsportC0_P5/ckpt_020000.pkl
screen,sportC0,P6,s015000,,strat512,64,256,rg,,512,0.0,,,False,0.0,0.0,,,,243.0,0.0,0.0,0.0,0.0,,,,0.0,0.0,,,0.0,,runs/pretrainsportC0_P6/ckpt_015000.pkl
screen,sportC0,P6,s035000,,strat512,64,256,rg,,512,0.0,,,False,0.0,0.0,,,,243.0,0.0,0.0,0.0,0.0,,,,0.0,0.0,,,0.0,,runs/pretrainsportC0_P6/ckpt_035000.pkl
screen,sportC0,P6,vb,,strat512,64,256,rg,,512,0.337890625,26.689042644730517,8.144092602305284,True,0.9473684210526315,0.231651376146789,11.0,19.0,0.0,28.04424778761062,0.0,1.0,0.390625,0.341796875,1.0,0,2,0.02064896755162242,0.07964601769911504,0.9641129234222374,0.023892889131876184,0.390625,1.0,runs/pretrainsportC0_P6/ckpt_010000.pkl
screen,sportC1,A0,vb,,strat512,64,256,rg,False,512,0.380859375,26.5452502702573,10.611867027324589,True,0.8552631578947368,0.2981651376146789,9.0,23.599999999999994,0.0,22.116719242902207,0.0,1.0,0.556640625,0.40625,0.99609375,0,15,0.07570977917981073,0.28391167192429023,0.9963881632290846,0.00010155892956888235,0.556640625,1.0,runs/pretrainsportC1_A0/ckpt_030000.pkl
screen,sportC1,A1,vb,,strat512,64,256,rg,False,512,0.23828125,29.430700195034312,14.923408055267975,True,0.9210526315789473,0.11926605504587157,11.0,22.0,0.0,30.997435897435896,0.0,1.0,0.263671875,0.24609375,1.0,0,0,0.01282051282051282,0.03333333333333333,0.7008336173718736,0.3899382510182013,0.259765625,0.9851851851851852,runs/pretrainsportC1_A1/ckpt_latest.pkl
screen,sportC1,B0,sAend,,strat512,64,256,rg,False,512,0.3125,26.910904948736658,8.000709033933948,True,0.7368421052631579,0.23853211009174313,9.0,20.19999999999999,0.0,23.698863636363637,0.0,0.9761929181361776,0.57421875,0.326171875,0.65234375,0,56,0.0625,0.3806818181818182,0.9964183793643513,1.1108395725489325e-05,0.56640625,0.9863945578231292,runs/pretrainsportC1_B0a/ckpt_latest.pkl
screen,sportC1,B0,sB005000,,strat512,64,256,rg,False,512,0.291015625,27.262239164447244,8.743493581915578,True,0.7105263157894737,0.21788990825688073,8.0,21.200000000000017,0.0,25.05785123966942,0.0,0.9657247130916158,0.544921875,0.29296875,0.625,0,82,0.04132231404958678,0.3581267217630854,0.9966242390966411,0.0,0.53125,0.974910394265233,runs/pretrainsportC1_B0/ckpt_005000.pkl
screen,sportC1,B0,sB015000,,strat512,64,256,rg,False,512,0.29296875,27.27416613370614,8.921532027959723,True,0.6710526315789473,0.22706422018348624,9.0,23.0,0.0,32.20441988950276,0.0,0.9548905118463342,0.56640625,0.27734375,0.4921875,0,103,0.03867403314917127,0.3867403314917127,0.9895774226243927,1.0689128087821876e-05,0.54296875,0.9586206896551724,runs/pretrainsportC1_B0/ckpt_015000.pkl
screen,sportC1,B0,vb,,strat512,64,256,rg,False,512,0.44140625,26.075317121456496,14.414103477752253,True,0.8947368421052632,0.3623853211009174,9.0,27.0,0.0,12.517482517482517,0.0,1.0,0.564453125,0.451171875,1.0,0,8,0.04195804195804196,0.2202797202797203,0.9986466973466928,0.00025022937692885145,0.5625,0.9965397923875432,runs/pretrainsportC1_B0a/ckpt_020000.pkl
screen,sportC1,B1,sAend,,strat512,64,256,rg,False,512,0.33984375,26.881962716789005,9.65790211265419,True,0.6973684210526315,0.2775229357798165,9.0,28.0,0.0,11.961538461538462,0.00390625,0.99961423992674,0.578125,0.3203125,0.685546875,0,102,0.05621301775147929,0.3609467455621302,0.9963885347462927,0.00032780214314780484,0.5703125,0.9864864864864865,runs/pretrainsportC1_B1a/ckpt_latest.pkl
screen,sportC1,B1,sB005000,,strat512,64,256,rg,False,512,0.31640625,27.319340099255278,10.731960093505574,True,0.6578947368421053,0.25688073394495414,9.0,26.0,0.0,12.145714285714286,0.005859375,0.9990088595534368,0.55859375,0.318359375,0.642578125,0,63,0.06571428571428571,0.35428571428571426,0.9965664016182568,0.0026082130965593784,0.537109375,0.9615384615384616,runs/pretrainsportC1_B1/ckpt_005000.pkl
screen,sportC1,B1,sB015000,,strat512,64,256,rg,False,512,0.27734375,28.085955113469343,12.010675543171349,True,0.631578947368421,0.21559633027522937,9.0,21.0,0.0,20.954054054054055,0.001953125,0.9931486454932448,0.525390625,0.298828125,0.609375,0,64,0.06486486486486487,0.34324324324324323,0.9900212038500894,0.00014983838859515807,0.51171875,0.9739776951672863,runs/pretrainsportC1_B1/ckpt_015000.pkl
screen,sportC1,B1,vb,,strat512,64,256,rg,False,512,0.455078125,25.807774519614377,12.523558574042964,True,0.8552631578947368,0.3853211009174312,9.0,27.0,0.0,12.530465949820789,0.0,1.0,0.55078125,0.455078125,1.0,0,6,0.02867383512544803,0.17562724014336917,0.9992350311227328,5.5390921427977955e-05,0.548828125,0.9964539007092199,runs/pretrainsportC1_B1a/ckpt_020000.pkl
screen,sportC1,R0,s015000,,strat512,64,256,rg,True,512,0.240234375,31.075682324359903,21.529216014759882,True,0.9736842105263158,0.11238532110091744,10.0,18.799999999999997,0.0,37.958868894601544,0.0,1.0,0.244140625,0.23828125,1.0,0,0,0.0,0.005141388174807198,0.9633498722556498,0.0,0.244140625,1.0,runs/pretrainsportC1_R0/ckpt_015000.pkl
screen,sportC1,R0,s035000,,strat512,64,256,rg,True,512,0.30859375,27.895715271996036,13.46058243672572,True,0.9605263157894737,0.19495412844036697,11.0,20.30000000000001,0.0,26.76271186440678,0.0,1.0,0.38671875,0.302734375,1.0,0,14,0.00847457627118644,0.11299435028248588,0.9938931351140718,0.0,0.38671875,1.0,runs/pretrainsportC1_R0/ckpt_035000.pkl
screen,sportC1,R0,vb,,strat512,64,256,rg,True,512,0.361328125,27.584648863103208,17.159968988005332,True,0.881578947368421,0.2706422018348624,11.0,31.599999999999994,0.0,12.960244648318042,0.0,1.0,0.521484375,0.353515625,0.984375,0,33,0.04281345565749235,0.25076452599388377,0.9956719573555314,0.0,0.513671875,0.9850187265917603,runs/pretrainsportC1_R0/ckpt_050000.pkl
screen,sportC1,X0,s015000,,strat512,16,256,trm,True,512,0.671875,22.96075485526043,13.1245000730586,True,0.9868421052631579,0.6169724770642202,2.0,5.0,0.08139534883720931,27.892857142857142,0.0,1.0,0.900390625,0.65625,0.9296875,0,30,0.09523809523809523,0.6964285714285714,0.9386310313678173,0.049652306648575305,0.603515625,0.6702819956616052,runs/pretrainsportC1_X0/ckpt_015000.pkl
screen,sportC1,X0,s035000,,strat512,16,256,trm,True,512,0.861328125,16.05820487472503,21.532339348286474,False,1.0,0.8371559633027523,1.0,6.0,0.22448979591836735,34.11267605633803,0.0,1.0,0.994140625,0.8046875,0.93359375,0,1,0.2535211267605634,0.9577464788732394,0.8836346797032911,0.09356308179837591,0.904296875,0.9096267190569745,runs/pretrainsportC1_X0/ckpt_035000.pkl
screen,sportC1,X0,vb,,strat512,16,256,trm,True,512,0.875,13.791296755579262,25.38528403930214,False,1.0,0.8532110091743119,1.0,6.0,0.26339285714285715,34.703125,0.0,1.0,0.998046875,0.884765625,0.98828125,0,1,0.390625,0.984375,0.9394090152071299,0.05002605523710266,0.962890625,0.9647749510763209,runs/pretrainsportC1_X0/ckpt_050000.pkl
screen,sportC1,X0n,s015000,,strat512,16,256,trm,True,512,0.626953125,23.692252192277934,12.236178203693724,True,0.9736842105263158,0.5665137614678899,1.0,4.0,0.03426791277258567,20.916230366492147,0.0,1.0,0.775390625,0.626953125,0.9921875,0,6,0.08376963350785341,0.39790575916230364,0.9822992934504464,0.004974617219515178,0.736328125,0.9496221662468514,runs/pretrainsportC1_X0n/ckpt_015000.pkl
screen,sportC1,X0n,s035000,,strat512,16,256,trm,True,512,0.712890625,22.005831064764706,14.83591419188746,True,1.0,0.6628440366972477,1.0,5.0,0.1917808219178082,14.571428571428571,0.001953125,0.9999150815217391,0.95703125,0.38671875,0.48828125,0,24,0.05442176870748299,0.8503401360544217,0.600015316288195,0.42438404355027154,0.2578125,0.2693877551020408,runs/pretrainsportC1_X0n/ckpt_035000.pkl
screen,sportC1,X0n,vb,,strat512,16,256,trm,True,512,0.724609375,22.160602547434795,13.122340268285154,True,0.9736842105263158,0.6811926605504587,1.0,4.0,0.15902964959568733,15.943262411347519,0.001953125,0.999927662037037,0.9453125,0.431640625,0.482421875,0,23,0.09219858156028368,0.8014184397163121,0.600205046521561,0.4131527398319501,0.244140625,0.25826446280991733,runs/pretrainsportC1_X0n/ckpt_030000.pkl
screen,sportC2,R1,sAend,,strat512,64,256,rg,False,512,0.40234375,26.66463162236667,14.769580217546665,True,0.9473684210526315,0.3073394495412844,16.0,38.5,0.0,21.535947712418302,0.0,0.9998851102941176,0.46875,0.40625,1.0,0,2,0.029411764705882353,0.1111111111111111,0.7079954032409629,0.2605811669260403,0.451171875,0.9625,runs/pretrainsportC2_R1a/ckpt_latest.pkl
screen,sportC2,R1,sB005000,,strat512,64,256,rg,False,512,0.408203125,26.726664578695882,16.579581215143527,True,0.9736842105263158,0.30963302752293576,15.0,39.20000000000002,0.0,18.455445544554454,0.0,1.0,0.48828125,0.400390625,1.0,0,4,0.026402640264026403,0.1353135313531353,0.7673156867580379,0.21222042472331357,0.47265625,0.968,runs/pretrainsportC2_R1/ckpt_005000.pkl
screen,sportC2,R1,sB015000,,strat512,64,256,rg,False,512,0.404296875,26.551133953191005,13.777711880757021,True,0.9473684210526315,0.30963302752293576,16.0,36.400000000000006,0.0,19.278688524590162,0.0,0.9998851102941176,0.47265625,0.3984375,1.0,0,3,0.019672131147540985,0.11475409836065574,0.7622583516921284,0.18918193324043414,0.451171875,0.9545454545454546,runs/pretrainsportC2_R1/ckpt_015000.pkl
screen,sportC2,R1,vb,,strat512,64,256,rg,False,512,0.39453125,26.641740186711047,13.293007354344262,True,0.9605263157894737,0.2958715596330275,15.0,36.0,0.0,22.696774193548386,0.0,1.0,0.46484375,0.390625,1.0,0,3,0.012903225806451613,0.11612903225806452,0.626966138097315,0.35623198257738836,0.453125,0.9747899159663865,runs/pretrainsportC2_R1/ckpt_010000.pkl
screen,sportC2,R2,sAend,,strat512,64,256,rg,False,512,0.35546875,27.26080841137088,13.900239886818087,True,0.868421052631579,0.26605504587155965,9.0,23.599999999999994,0.0,26.584848484848486,0.0,1.0,0.5078125,0.349609375,0.955078125,0,20,0.04242424242424243,0.23636363636363636,0.9758580802919335,0.00997875112994682,0.498046875,0.9807692307692307,runs/pretrainsportC2_R2a/ckpt_latest.pkl
screen,sportC2,R2,sB005000,,strat512,64,256,rg,False,512,0.34765625,27.48191339105952,14.663903912818387,True,0.7631578947368421,0.27522935779816515,9.0,23.30000000000001,0.0,18.25748502994012,0.0,1.0,0.55078125,0.36328125,0.84765625,0,55,0.0688622754491018,0.31137724550898205,0.9825504364819868,0.025055646843571186,0.525390625,0.9539007092198581,runs/pretrainsportC2_R2/ckpt_005000.pkl
screen,sportC2,R2,sB015000,,strat512,64,256,rg,False,512,0.333984375,27.079979614126,10.56389162923682,True,0.7631578947368421,0.2591743119266055,9.0,18.0,0.0,21.63049853372434,0.0,1.0,0.505859375,0.33203125,0.9453125,0,19,0.0469208211143695,0.25806451612903225,0.9956166629212628,0.001299900797044436,0.501953125,0.9922779922779923,runs/pretrainsportC2_R2/ckpt_015000.pkl
screen,sportC2,R2,vb,,strat512,64,256,rg,False,512,0.357421875,27.19750933409351,13.631312373148505,True,0.8421052631578947,0.27293577981651373,9.0,22.0,0.0,24.346504559270517,0.0,1.0,0.462890625,0.3359375,0.98046875,0,18,0.0243161094224924,0.1641337386018237,0.9840382598934259,0.008138829427992536,0.4453125,0.9620253164556962,runs/pretrainsportC2_R2a/ckpt_040000.pkl
screen,sportC2,R3,sAend,,strat512,64,256,rg,False,512,0.296875,28.039405401345896,13.260075842210766,True,0.8157894736842105,0.20642201834862386,12.0,21.400000000000006,0.0,21.56111111111111,0.0,1.0,0.39453125,0.3046875,1.0,0,12,0.025,0.1388888888888889,0.943295861593263,0.0,0.3828125,0.9702970297029703,runs/pretrainsportC2_R3a/ckpt_latest.pkl
screen,sportC2,R3,sB005000,,strat512,64,256,rg,False,512,0.21484375,30.18776463841359,15.894660967660966,True,0.8421052631578947,0.10550458715596331,12.0,20.599999999999994,0.0,24.238805970149254,0.0,1.0,0.259765625,0.22265625,1.0,0,2,0.01990049751243781,0.05721393034825871,0.9257480429005284,0.0,0.24609375,0.9473684210526315,runs/pretrainsportC2_R3/ckpt_005000.pkl
screen,sportC2,R3,sB015000,,strat512,64,256,rg,False,512,0.26953125,29.043990882619077,15.86034711235011,True,0.7368421052631579,0.18807339449541285,12.0,21.0,0.0,17.28609625668449,0.0,1.0,0.345703125,0.267578125,1.0,0,17,0.008021390374331552,0.10427807486631016,0.881308947203788,1.0403986807744727e-05,0.318359375,0.9209039548022598,runs/pretrainsportC2_R3/ckpt_015000.pkl
screen,sportC2,R3,vb,,strat512,64,256,rg,False,512,0.447265625,25.876584516175154,11.914212599769622,True,0.8421052631578947,0.37844036697247707,14.0,29.200000000000017,0.0,13.409893992932862,0.0,1.0,0.53515625,0.431640625,1.0,0,9,0.0176678445229682,0.15901060070671377,0.9830700426653874,0.0,0.521484375,0.9744525547445255,runs/pretrainsportC2_R3a/ckpt_040000.pkl
screen,sportC2,R3,vb_hard,,strat512,64,1,rg,False,512,0.431640625,26.387860831093878,17.27245139988798,True,0.8289473684210527,0.3623853211009174,13.0,29.0,0.0,5.628865979381444,0.0,1.0,0.431640625,,,0,0,,0.0,,,,,runs/pretrainsportC2_R3a/ckpt_040000.pkl
screen,sportC2,R4,s015000,,strat512,64,256,rg,True,512,0.349609375,27.224602248905295,12.998312072454691,True,0.8157894736842105,0.268348623853211,12.0,26.200000000000017,0.0,9.507507507507508,0.0,1.0,0.5703125,0.359375,0.888671875,0,48,0.06006006006006006,0.33933933933933935,0.9958229944314329,0.0,0.5625,0.9863013698630136,runs/pretrainsportC2_R4/ckpt_015000.pkl
screen,sportC2,R4,s035000,,strat512,64,256,rg,True,512,0.326171875,27.788192070113876,14.45191208787159,True,0.7894736842105263,0.24541284403669725,12.0,30.600000000000023,0.0,8.907246376811594,0.0,0.9998851102941176,0.58203125,0.34375,0.7734375,0,68,0.06666666666666667,0.37971014492753624,0.9980016869512363,0.0,0.576171875,0.9899328859060402,runs/pretrainsportC2_R4/ckpt_035000.pkl
screen,sportC2,R4,vb,,strat512,64,256,rg,True,512,0.345703125,27.66611391810293,15.756815263776328,True,0.8157894736842105,0.26376146788990823,12.0,24.0,0.0,9.582089552238806,0.0,1.0,0.5625,0.359375,0.884765625,0,22,0.0626865671641791,0.33134328358208953,0.996359441785719,0.0,0.556640625,0.9895833333333334,runs/pretrainsportC2_R4/ckpt_020000.pkl
screen,sportC2,W0,sAend,,strat512,64,256,rg,False,512,0.375,26.853799202312317,12.80011251757204,True,0.7894736842105263,0.30275229357798167,11.0,32.0,0.0,13.2625,0.001953125,0.9998851102941176,0.60546875,0.373046875,0.73046875,0,26,0.071875,0.36875,0.9959951065173462,0.002166341515960312,0.6015625,0.9935483870967742,runs/pretrainsportC2_W0a/ckpt_latest.pkl
screen,sportC2,W0,sB005000,,strat512,64,256,rg,False,512,0.326171875,27.700739863695706,13.903316241963466,True,0.75,0.25229357798165136,11.0,26.400000000000006,0.0,11.365217391304348,0.001953125,0.9999186197916667,0.58984375,0.33984375,0.6328125,0,31,0.07246376811594203,0.391304347826087,0.9953938830306986,0.0022697832242385336,0.580078125,0.9834437086092715,runs/pretrainsportC2_W0/ckpt_005000.pkl
screen,sportC2,W0,sB015000,,strat512,64,256,rg,False,512,0.30859375,27.776409591368648,12.784767742795685,True,0.6842105263157895,0.24311926605504589,10.0,25.0,0.0,15.305084745762711,0.001953125,0.9999186197916667,0.537109375,0.306640625,0.65234375,0,42,0.0480225988700565,0.3305084745762712,0.9964145708768785,0.00145160396697878,0.53515625,0.9963636363636363,runs/pretrainsportC2_W0/ckpt_015000.pkl
screen,sportC2,W0,vb,,strat512,64,256,rg,False,512,0.375,26.853799202312317,12.80011251757204,True,0.7894736842105263,0.30275229357798167,11.0,32.0,0.0,13.2625,0.001953125,0.9998851102941176,0.60546875,0.373046875,0.73046875,0,26,0.071875,0.36875,0.9959951065173462,0.002166341515960312,0.6015625,0.9935483870967742,runs/pretrainsportC2_W0a/ckpt_050000.pkl
screen,sportC2,X1,s015000,,strat512,16,256,trm,True,512,0.20703125,30.462296233686896,16.21996260259879,True,0.631578947368421,0.13302752293577982,2.0,8.0,0.16981132075471697,9.204433497536947,0.0546875,0.9978095508368946,0.7734375,0.24609375,0.07421875,6,127,0.08620689655172414,0.7142857142857143,0.97802530898525,0.007150070692789335,0.7109375,0.9191919191919192,runs/pretrainsportC2_X1/ckpt_015000.pkl
screen,sportC2,X1,s035000,,strat512,16,256,trm,True,512,0.228515625,30.240156748227033,17.211284167764454,True,0.7368421052631579,0.13990825688073394,2.0,9.400000000000006,0.11965811965811966,12.982278481012658,0.015625,0.9993855676328502,0.787109375,0.232421875,0.0546875,8,143,0.06582278481012659,0.7240506329113924,0.9715498159865177,0.004246390568017185,0.70703125,0.8982630272952854,runs/pretrainsportC2_X1/ckpt_035000.pkl
screen,sportC2,X1,vb,,strat512,16,256,trm,True,512,0.19140625,30.17176098082614,14.10560677719418,True,0.5394736842105263,0.13073394495412843,2.0,9.299999999999997,0.1326530612244898,10.132850241545894,0.080078125,0.9966423633088386,0.76953125,0.23046875,0.0625,6,144,0.10386473429951691,0.714975845410628,0.9667191376248585,0.012344942748091604,0.681640625,0.8857868020304569,runs/pretrainsportC2_X1/ckpt_020000.pkl
screen,sportC2,X2,s015000,,strat512,16,256,trm,True,512,0.25,28.408392433425632,11.619634182990422,True,0.9210526315789473,0.13302752293577982,1.0,5.0,0.0546875,36.200520833333336,0.0,1.0,0.349609375,0.138671875,0.55859375,0,122,0.0078125,0.1328125,0.9214186464676689,0.0402644394265038,0.173828125,0.4972067039106145,runs/pretrainsportC2_X2/ckpt_015000.pkl
screen,sportC2,X2,s035000,,strat512,16,256,trm,True,512,0.283203125,29.373115256993785,18.72566781596235,True,0.9473684210526315,0.16743119266055045,1.0,6.0,0.06206896551724138,31.62125340599455,0.0,1.0,0.28515625,0.0,0.0,0,0,0.0,0.0027247956403269754,0.586834616352969,0.41400462344836003,0.0,0.0,runs/pretrainsportC2_X2/ckpt_035000.pkl
screen,sportC2,X2,vb,,strat512,16,256,trm,True,512,0.41796875,26.28792415060261,12.75307343281956,True,0.9473684210526315,0.3256880733944954,2.0,8.0,0.037383177570093455,29.808724832214764,0.0,1.0,0.41796875,0.0,0.0,0,0,0.0,0.0,0.41301022354467076,0.7903486686503395,0.0,0.0,runs/pretrainsportC2_X2/ckpt_050000.pkl
screen,,x,psportBr2C1_s010000,,strat512,64,256,rg,,512,0.181640625,30.214077416106484,13.568838482758775,True,0.868421052631579,0.06192660550458716,12.0,21.0,0.0,37.14797136038186,0.0,1.0,0.50390625,,,26,180,,0.3937947494033413,,,,,runs/pretrainsportBr2_C1/ckpt_010000.pkl
screen,,x,psportBr2C1_s015000,,strat512,64,211,rg,,512,0.203125,30.993188686343274,17.67275723293439,True,0.8947368421052632,0.08256880733944955,10.0,18.60000000000001,0.0,37.041666666666664,0.0,1.0,0.271484375,,,0,44,,0.0857843137254902,,,,,runs/pretrainsportBr2_C1/ckpt_015000.pkl
screen,,x,psportBr2C1s1_s005000,,strat512,64,205,rg,,512,0.146484375,29.667889835827967,9.934164612196952,True,0.6578947368421053,0.05733944954128441,15.5,33.70000000000002,0.0,34.30205949656751,0.0,1.0,0.21484375,,,0,92,,0.08009153318077804,,,,,runs/pretrainsportBr2_C1s1/ckpt_005000.pkl
field,public,eqr,cold,eqr_cold_scan20k_D64_n0,scan20k,64,8,public,1,20000,0.93185,10.16524131703951,24.758074129041415,False,0.9975845410628019,0.9207110279499474,1.0,11.0,0.0942211729355583,31.735876742479824,0.0,1.0,,,,,,,,,,,,eqr
field,public,eqr,cold,eqr_cold_scan20k_D64_n05,scan20k,64,8,public,1,20000,0.90225,14.582303173788809,20.33943206198852,False,0.9972394755003451,0.886153666237867,2.0,22.0,0.03624272651704073,20.3539641943734,0.0,1.0,,,,,,,,,,,,eqr
field,public,eqr,cold,eqr_cold_strat512_D16_n05,strat512,16,8,public,1,512,0.81640625,18.122650245181216,20.352746422216228,True,1.0,0.7844036697247706,2.0,8.0,0.028708133971291867,20.23404255319149,0.0,1.0,,,,,,,,,,,,eqr
field,public,eqr,draws,eqr_draws_sub5k_D16_k8_n0,sub5k,16,8,public,1,5000,0.0,,,False,0.0,0.0,,,,,,,0.9608,0.8704,1.0,1,1,0.8704,0.9608,0.9864574308943396,0.0,0.9576,0.9966694421315571,eqr
field,public,eqr,draws,eqr_draws_sub5k_D16_k8_n05,sub5k,16,8,public,1,5000,0.0,,,False,0.0,0.0,,,,,,,0.954,0.7682,1.0,1,3,0.7682,0.954,0.9819004024544774,0.0,0.9482,0.9939203354297694,eqr
field,public,hrm,cold,hrm_cold_scan20k_D64,scan20k,64,8,public,1,20000,0.5987,24.03527903637861,11.312020270452805,True,0.9489302967563837,0.5393521225587651,3.0,13.0,0.02605645565391682,26.745452280089708,0.0017,0.99815,,,,,,,,,,,,hrm
field,public,hrm,cold,hrm_cold_strat512_D16,strat512,16,8,public,1,512,0.578125,24.43209440658987,10.379836740181476,True,0.9210526315789473,0.518348623853211,3.0,8.0,0.016891891891891893,27.125,0.0,1.0,,,,,,,,,,,,hrm
field,public,hrm,draws,hrm_draws_sub1k_D64_k2,sub5k,64,2,public,1,1000,0.0,,,False,0.0,0.0,,,,,,,0.082,0.045,0.5,1,2,0.045,0.082,0.8553401935186608,0.13785900783289817,0.074,0.9024390243902438,hrm
field,public,hrm,draws,hrm_draws_sub5k_D16_k32,sub5k,16,32,public,1,5000,0.0,,,False,0.0,0.0,,,,,,,0.4546,0.0308,0.0625,11,26,0.0308,0.4546,0.7944280890113972,0.12139692434507096,0.0846,0.18609766827980642,hrm
field,public,hrm,draws,hrm_draws_sub5k_D16_k8,sub5k,16,8,public,1,5000,0.0,,,False,0.0,0.0,,,,,,,0.1952,0.0318,0.125,4,7,0.0318,0.1952,0.7896595569702509,0.11920598092291827,0.0926,0.47438524590163933,hrm
field,public,hrm,draws,hrm_draws_sub5k_D64_k8,sub5k,64,8,public,1,5000,0.0,,,False,0.0,0.0,,,,,,,0.2362,0.0398,0.125,4,7,0.0398,0.2362,0.8407183726563652,0.15086206896551724,0.092,0.3895004233700254,hrm
field,public,trm,cold,trm_cold_scan20k_D16_bf16,scan20k,16,8,public,1,20000,0.79125,19.84463466271039,16.77409178713609,True,0.9989648033126294,0.756051923751608,1.0,4.0,0.37263823064770935,22.60694610778443,0.0003,0.99965,,,,,,,,,,,,trm
field,public,trm,cold,trm_cold_scan20k_D64,scan20k,64,8,public,1,20000,0.83455,18.079705976960575,18.551667321914966,True,0.9993098688750862,0.8066308034148053,1.0,7.0,0.35342400095860044,22.348141432456934,0.0003,0.9996,,,,,,,,,,,,trm
field,public,trm,cold,trm_cold_strat512_D16,strat512,16,8,public,1,512,0.80859375,17.190097752209667,24.028342687990992,True,1.0,0.7752293577981652,1.0,4.0,0.4251207729468599,23.020408163265305,0.0,1.0,,,,,,,,,,,,trm
field,public,trm,draws,trm_draws_sub5k_D16_k8,sub5k,16,8,public,1,5000,0.0,,,False,0.0,0.0,,,,,,,0.8992,0.7778,1.0,1,2,0.7778,0.8992,0.9675197616256977,0.022870662460567823,0.8822,0.9810943060498221,trm
field,public,trmc,cold,trmc_cold_scan20k_D64,scan20k,64,8,public,1,20000,0.91745,11.42054277070239,24.617147884178973,False,0.9989648033126294,0.90363700152029,1.0,9.0,0.21140116627609135,31.330708661417322,0.00025,0.99955,,,,,,,,,,,,trmc
field,public,trmc,cold,trmc_cold_strat512_D16,strat512,16,8,public,1,512,0.859375,16.470569444133805,20.707562859942737,False,1.0,0.8348623853211009,1.0,4.0,0.23636363636363636,33.083333333333336,0.0,1.0,,,,,,,,,,,,trmc
field,public,trmc,draws,trmc_draws_sub5k_D16_k8,sub5k,16,8,public,1,5000,0.0,,,False,0.0,0.0,,,,,,,0.9494,0.6448,0.75,1,3,0.6448,0.9494,0.7288442610077208,0.2647621748068335,0.6976,0.7347798609648198,trmc
